Fecha,Area_Sanitaria,Casos_Totais,Casos_Confirmados_PCR_Ultimas24h,Pacientes_Sin_Alta,Pacientes_Con_Alta,Camas_Ocupadas_HOS,Camas_Ocupadas_UCI,Probas_Realizadas_PCR,Probas_Realizadas_Non_PCR,Exitus
2020-10-07 18:00:00,"A.S. A CORUÑA E CEE","6.973","42","785","5.983","45","4","129.001","54.017","205"
2020-10-07 18:00:00,"A.S. FERROL","1.133","7","102","997","3","0","36.466","24.315","34"
2020-10-07 18:00:00,"A.S. LUGO, A MARIÑA E MONFORTE","3.301","34","483","2.727","24","5","63.536","59.414","91"
2020-10-07 18:00:00,"A.S. OURENSE, VERÍN E O BARCO","4.229","85","1.148","2.918","63","9","67.673","57.905","163"
2020-10-07 18:00:00,"A.S. PONTEVEDRA E O SALNÉS","2.323","31","613","1.687","13","7","48.671","33.756","23"
2020-10-07 18:00:00,"A.S. SANTIAGO E BARBANZA","4.081","34","545","3.416","21","5","82.607","71.154","120"
2020-10-07 18:00:00,"A.S. VIGO","3.677","53","408","3.132","18","5","103.456","44.447","137"
2020-10-07 18:00:00,"GALICIA","25.717","286","4.084","20.860","187","35","531.410","345.008","773"
2020-10-08 18:00:00,"A.S. A CORUÑA E CEE","7.006","32","757","6.043","46","6","130.087","56.390","206"
2020-10-08 18:00:00,"A.S. FERROL","1.143","8","104","1.005","4","0","36.722","24.527","34"
2020-10-08 18:00:00,"A.S. LUGO, A MARIÑA E MONFORTE","3.320","18","494","2.735","26","5","63.996","60.103","91"
2020-10-08 18:00:00,"A.S. OURENSE, VERÍN E O BARCO","4.468","235","1.351","2.953","58","9","68.965","59.169","164"
2020-10-08 18:00:00,"A.S. PONTEVEDRA E O SALNÉS","2.344","20","573","1.747","11","7","49.203","33.820","24"
2020-10-08 18:00:00,"A.S. SANTIAGO E BARBANZA","4.137","49","552","3.465","25","6","83.520","72.513","120"
2020-10-08 18:00:00,"A.S. VIGO","3.728","51","433","3.158","17","5","104.699","45.123","137"
2020-10-08 18:00:00,"GALICIA","26.146","413","4.264","21.106","187","38","537.192","351.645","776"
2020-10-09 18:00:00,"A.S. A CORUÑA E CEE","7.045","36","747","6.090","44","5","131.079","58.958","208"
2020-10-09 18:00:00,"A.S. FERROL","1.159","16","114","1.011","4","0","37.097","24.742","34"
2020-10-09 18:00:00,"A.S. LUGO, A MARIÑA E MONFORTE","3.360","38","466","2.803","20","5","64.646","60.692","91"
2020-10-09 18:00:00,"A.S. OURENSE, VERÍN E O BARCO","4.660","191","1.474","3.020","55","10","70.245","59.641","166"
2020-10-09 18:00:00,"A.S. PONTEVEDRA E O SALNÉS","2.376","28","541","1.811","11","6","49.886","34.038","24"
2020-10-09 18:00:00,"A.S. SANTIAGO E BARBANZA","4.205","65","581","3.504","25","6","84.753","73.609","120"
2020-10-09 18:00:00,"A.S. VIGO","3.758","31","435","3.186","16","5","105.432","45.850","137"
2020-10-09 18:00:00,"GALICIA","26.563","405","4.358","21.425","175","37","543.138","357.530","780"
2020-10-10 18:00:00,"A.S. A CORUÑA E CEE","7.099","51","748","6.143","42","5","132.332","59.544","208"
2020-10-10 18:00:00,"A.S. FERROL","1.177","18","122","1.021","3","0","37.646","24.786","34"
2020-10-10 18:00:00,"A.S. LUGO, A MARIÑA E MONFORTE","3.395","35","462","2.842","22","5","65.045","60.715","91"
2020-10-10 18:00:00,"A.S. OURENSE, VERÍN E O BARCO","4.743","86","1.482","3.095","56","10","71.353","59.893","166"
2020-10-10 18:00:00,"A.S. PONTEVEDRA E O SALNÉS","2.397","21","507","1.866","9","5","50.681","34.056","24"
2020-10-10 18:00:00,"A.S. SANTIAGO E BARBANZA","4.245","40","598","3.527","25","6","85.351","73.896","120"
2020-10-10 18:00:00,"A.S. VIGO","3.820","62","464","3.219","16","5","106.696","46.347","137"
2020-10-10 18:00:00,"GALICIA","26.876","313","4.383","21.713","173","36","549.104","359.237","780"
2020-10-11 18:00:00,"A.S. A CORUÑA E CEE","7.165","66","766","6.188","45","5","133.256","59.566","211"
2020-10-11 18:00:00,"A.S. FERROL","1.198","21","137","1.027","3","0","37.850","24.786","34"
2020-10-11 18:00:00,"A.S. LUGO, A MARIÑA E MONFORTE","3.419","24","460","2.868","24","5","65.437","60.722","91"
2020-10-11 18:00:00,"A.S. OURENSE, VERÍN E O BARCO","4.818","75","1.514","3.138","68","11","72.301","59.931","166"
2020-10-11 18:00:00,"A.S. PONTEVEDRA E O SALNÉS","2.423","26","511","1.888","12","5","51.353","34.076","24"
2020-10-11 18:00:00,"A.S. SANTIAGO E BARBANZA","4.317","72","621","3.575","28","7","86.183","73.913","121"
2020-10-11 18:00:00,"A.S. VIGO","3.844","24","467","3.240","19","6","107.164","46.349","137"
2020-10-11 18:00:00,"GALICIA","27.184","308","4.476","21.924","199","39","553.544","359.343","784"
2020-10-12 18:00:00,"A.S. A CORUÑA E CEE","7.179","14","745","6.223","46","5","133.785","59.595","211"
2020-10-12 18:00:00,"A.S. FERROL","1.204","6","136","1.034","5","0","38.048","24.786","34"
2020-10-12 18:00:00,"A.S. LUGO, A MARIÑA E MONFORTE","3.446","26","477","2.878","25","5","65.823","60.815","91"
2020-10-12 18:00:00,"A.S. OURENSE, VERÍN E O BARCO","4.912","95","1.567","3.177","72","11","73.087","60.073","168"
2020-10-12 18:00:00,"A.S. PONTEVEDRA E O SALNÉS","2.447","23","469","1.954","12","4","51.659","34.094","24"
2020-10-12 18:00:00,"A.S. SANTIAGO E BARBANZA","4.351","34","624","3.606","33","7","86.839","73.931","121"
2020-10-12 18:00:00,"A.S. VIGO","3.884","40","496","3.251","19","8","107.686","46.349","137"
2020-10-12 18:00:00,"GALICIA","27.423","238","4.514","22.123","212","40","556.927","359.643","786"
2020-10-13 18:00:00,"A.S. A CORUÑA E CEE","7.229","51","765","6.253","45","5","134.248","61.191","211"
2020-10-13 18:00:00,"A.S. FERROL","1.221","16","147","1.040","5","0","38.228","24.937","34"
2020-10-13 18:00:00,"A.S. LUGO, A MARIÑA E MONFORTE","3.456","13","475","2.890","26","5","66.165","61.459","91"
2020-10-13 18:00:00,"A.S. OURENSE, VERÍN E O BARCO","4.999","86","1.605","3.218","76","11","74.517","60.490","176"
2020-10-13 18:00:00,"A.S. PONTEVEDRA E O SALNÉS","2.468","21","469","1.973","14","3","52.033","34.438","26"
2020-10-13 18:00:00,"A.S. SANTIAGO E BARBANZA","4.392","41","628","3.642","32","9","87.535","74.827","122"
2020-10-13 18:00:00,"A.S. VIGO","3.910","26","512","3.261","20","8","108.161","46.950","137"
2020-10-13 18:00:00,"GALICIA","27.675","254","4.601","22.277","218","41","560.887","364.292","797"
2020-10-14 18:00:00,"A.S. A CORUÑA E CEE","7.277","44","770","6.294","43","4","135.472","62.860","213"
2020-10-14 18:00:00,"A.S. FERROL","1.228","6","148","1.046","4","0","38.679","25.147","34"
2020-10-14 18:00:00,"A.S. LUGO, A MARIÑA E MONFORTE","3.474","16","467","2.916","24","6","66.552","62.435","91"
2020-10-14 18:00:00,"A.S. OURENSE, VERÍN E O BARCO","5.062","61","1.592","3.292","86","12","75.789","60.965","179"
2020-10-14 18:00:00,"A.S. PONTEVEDRA E O SALNÉS","2.485","15","419","2.040","14","3","52.377","34.938","25"
2020-10-14 18:00:00,"A.S. SANTIAGO E BARBANZA","4.433","37","639","3.671","31","8","88.371","75.830","123"
2020-10-14 18:00:00,"A.S. VIGO","3.963","54","534","3.291","21","9","108.821","47.597","138"
2020-10-14 18:00:00,"GALICIA","27.922","233","4.569","22.550","223","42","566.061","369.772","803"
2020-10-15 18:00:00,"A.S. A CORUÑA E CEE","7.335","57","784","6.338","43","4","136.826","63.909","213"
2020-10-15 18:00:00,"A.S. FERROL","1.247","19","167","1.046","3","0","38.976","25.353","34"
2020-10-15 18:00:00,"A.S. LUGO, A MARIÑA E MONFORTE","3.504","30","475","2.937","19","5","67.156","63.189","92"
2020-10-15 18:00:00,"A.S. OURENSE, VERÍN E O BARCO","5.144","81","1.601","3.361","92","13","77.167","61.417","183"
2020-10-15 18:00:00,"A.S. PONTEVEDRA E O SALNÉS","2.517","31","401","2.090","14","2","52.918","35.415","25"
2020-10-15 18:00:00,"A.S. SANTIAGO E BARBANZA","4.494","60","660","3.711","35","8","89.561","76.627","123"
2020-10-15 18:00:00,"A.S. VIGO","4.035","68","592","3.305","25","9","110.086","48.315","138"
2020-10-15 18:00:00,"GALICIA","28.276","346","4.680","22.788","231","41","572.690","374.225","808"
2020-10-16 18:00:00,"A.S. A CORUÑA E CEE","7.392","57","807","6.372","42","6","138.130","64.648","213"
2020-10-16 18:00:00,"A.S. FERROL","1.258","10","169","1.055","5","0","39.553","25.589","34"
2020-10-16 18:00:00,"A.S. LUGO, A MARIÑA E MONFORTE","3.526","20","425","3.009","18","3","67.677","64.116","92"
2020-10-16 18:00:00,"A.S. OURENSE, VERÍN E O BARCO","5.240","97","1.610","3.442","89","12","78.368","61.548","189"
2020-10-16 18:00:00,"A.S. PONTEVEDRA E O SALNÉS","2.559","39","416","2.117","17","3","53.559","36.080","25"
2020-10-16 18:00:00,"A.S. SANTIAGO E BARBANZA","4.557","62","686","3.748","34","7","91.188","77.381","123"
2020-10-16 18:00:00,"A.S. VIGO","4.106","70","632","3.335","24","9","111.353","49.053","139"
2020-10-16 18:00:00,"GALICIA","28.638","355","4.745","23.078","229","40","579.828","378.415","815"
2020-10-17 18:00:00,"A.S. A CORUÑA E CEE","7.458","66","839","6.405","48","6","139.554","64.667","214"
2020-10-17 18:00:00,"A.S. FERROL","1.279","20","182","1.062","5","0","39.875","25.639","35"
2020-10-17 18:00:00,"A.S. LUGO, A MARIÑA E MONFORTE","3.568","41","450","3.026","18","3","68.343","64.347","92"
2020-10-17 18:00:00,"A.S. OURENSE, VERÍN E O BARCO","5.318","78","1.577","3.552","98","13","79.309","61.552","190"
2020-10-17 18:00:00,"A.S. PONTEVEDRA E O SALNÉS","2.613","54","457","2.130","17","4","54.079","36.238","25"
2020-10-17 18:00:00,"A.S. SANTIAGO E BARBANZA","4.633","77","719","3.791","33","8","92.409","78.530","123"
2020-10-17 18:00:00,"A.S. VIGO","4.207","101","708","3.360","27","9","112.913","49.515","139"
2020-10-17 18:00:00,"GALICIA","29.076","437","4.932","23.326","246","43","586.482","380.488","818"
2020-10-18 18:00:00,"A.S. A CORUÑA E CEE","7.522","54","852","6.456","50","8","140.474","64.713","214"
2020-10-18 18:00:00,"A.S. FERROL","1.324","45","222","1.067","8","1","40.271","25.661","35"
2020-10-18 18:00:00,"A.S. LUGO, A MARIÑA E MONFORTE","3.610","41","483","3.035","19","3","68.842","64.362","92"
2020-10-18 18:00:00,"A.S. OURENSE, VERÍN E O BARCO","5.384","66","1.516","3.676","104","14","80.289","61.556","193"
2020-10-18 18:00:00,"A.S. PONTEVEDRA E O SALNÉS","2.651","38","475","2.150","18","4","54.616","36.264","25"
2020-10-18 18:00:00,"A.S. SANTIAGO E BARBANZA","4.705","75","762","3.819","39","8","93.535","79.752","124"
2020-10-18 18:00:00,"A.S. VIGO","4.305","98","791","3.375","28","8","114.135","49.516","139"
2020-10-18 18:00:00,"GALICIA","29.501","417","5.101","23.578","266","46","592.162","381.824","822"
2020-10-19 18:00:00,"A.S. A CORUÑA E CEE","7.585","62","876","6.494","51","9","141.147","64.988","215"
2020-10-19 18:00:00,"A.S. FERROL","1.348","25","238","1.075","11","2","40.646","25.833","35"
2020-10-19 18:00:00,"A.S. LUGO, A MARIÑA E MONFORTE","3.637","24","497","3.048","18","3","69.400","64.881","92"
2020-10-19 18:00:00,"A.S. OURENSE, VERÍN E O BARCO","5.451","66","1.479","3.776","108","15","80.991","61.877","197"
2020-10-19 18:00:00,"A.S. PONTEVEDRA E O SALNÉS","2.688","31","481","2.181","20","4","55.071","37.074","26"
2020-10-19 18:00:00,"A.S. SANTIAGO E BARBANZA","4.796","87","813","3.856","40","7","94.292","80.295","126"
2020-10-19 18:00:00,"A.S. VIGO","4.353","48","831","3.382","29","7","114.788","50.140","140"
2020-10-19 18:00:00,"GALICIA","29.858","343","5.215","23.812","277","47","596.335","385.088","831"
2020-10-20 18:00:00,"A.S. A CORUÑA E CEE","7.642","56","905","6.521","51","9","142.351","65.639","216"
2020-10-20 18:00:00,"A.S. FERROL","1.367","19","251","1.081","16","1","41.082","26.013","35"
2020-10-20 18:00:00,"A.S. LUGO, A MARIÑA E MONFORTE","3.676","40","518","3.066","16","3","70.070","65.422","92"
2020-10-20 18:00:00,"A.S. OURENSE, VERÍN E O BARCO","5.548","94","1.494","3.855","109","16","82.402","61.911","199"
2020-10-20 18:00:00,"A.S. PONTEVEDRA E O SALNÉS","2.756","66","538","2.193","25","5","55.544","37.798","26"
2020-10-20 18:00:00,"A.S. SANTIAGO E BARBANZA","4.878","83","851","3.899","47","7","95.611","80.355","127"
2020-10-20 18:00:00,"A.S. VIGO","4.438","83","900","3.397","30","7","115.915","51.014","141"
2020-10-20 18:00:00,"GALICIA","30.305","441","5.457","24.012","294","48","602.975","388.152","836"
2020-10-21 18:00:00,"A.S. A CORUÑA E CEE","7.710","65","911","6.582","49","9","143.684","65.943","217"
2020-10-21 18:00:00,"A.S. FERROL","1.400","35","283","1.081","17","2","41.459","26.129","36"
2020-10-21 18:00:00,"A.S. LUGO, A MARIÑA E MONFORTE","3.721","46","542","3.087","16","1","70.813","65.917","92"
2020-10-21 18:00:00,"A.S. OURENSE, VERÍN E O BARCO","5.627","76","1.489","3.930","105","15","83.382","62.064","207"
2020-10-21 18:00:00,"A.S. PONTEVEDRA E O SALNÉS","2.810","50","564","2.221","33","6","56.326","38.871","26"
2020-10-21 18:00:00,"A.S. SANTIAGO E BARBANZA","4.958","78","891","3.939","55","7","96.578","80.423","128"
2020-10-21 18:00:00,"A.S. VIGO","4.551","111","995","3.415","42","7","117.274","51.899","141"
2020-10-21 18:00:00,"GALICIA","30.777","461","5.675","24.255","317","47","609.516","391.246","847"
2020-10-22 18:00:00,"A.S. A CORUÑA E CEE","7.803","92","964","6.622","56","9","145.041","66.062","217"
2020-10-22 18:00:00,"A.S. FERROL","1.458","58","329","1.093","16","3","42.025","26.191","36"
2020-10-22 18:00:00,"A.S. LUGO, A MARIÑA E MONFORTE","3.770","46","555","3.123","20","2","71.656","66.210","92"
2020-10-22 18:00:00,"A.S. OURENSE, VERÍN E O BARCO","5.697","64","1.449","4.034","98","13","84.162","62.196","213"
2020-10-22 18:00:00,"A.S. PONTEVEDRA E O SALNÉS","2.870","59","595","2.249","30","7","57.120","39.555","27"
2020-10-22 18:00:00,"A.S. SANTIAGO E BARBANZA","5.089","131","983","3.976","61","7","97.777","80.493","130"
2020-10-22 18:00:00,"A.S. VIGO","4.622","64","1.005","3.476","44","7","118.516","52.755","141"
2020-10-22 18:00:00,"GALICIA","31.309","514","5.880","24.573","325","48","616.297","393.462","856"
2020-10-23 18:00:00,"A.S. A CORUÑA E CEE","7.940","135","1.057","6.665","61","8","146.949","66.518","218"
2020-10-23 18:00:00,"A.S. FERROL","1.549","90","412","1.101","25","3","42.575","26.206","36"
2020-10-23 18:00:00,"A.S. LUGO, A MARIÑA E MONFORTE","3.852","84","616","3.144","23","1","72.668","66.283","92"
2020-10-23 18:00:00,"A.S. OURENSE, VERÍN E O BARCO","5.780","83","1.319","4.246","95","12","85.408","62.236","214"
2020-10-23 18:00:00,"A.S. PONTEVEDRA E O SALNÉS","2.920","52","622","2.271","43","7","58.213","40.075","27"
2020-10-23 18:00:00,"A.S. SANTIAGO E BARBANZA","5.210","118","1.047","4.033","66","8","99.187","80.596","131"
2020-10-23 18:00:00,"A.S. VIGO","4.748","125","1.097","3.510","50","7","120.004","53.032","141"
2020-10-23 18:00:00,"GALICIA","31.999","687","6.170","24.970","363","46","625.004","394.946","859"
2020-10-24 18:00:00,"A.S. A CORUÑA E CEE","8.058","110","1.122","6.718","63","7","148.752","66.715","218"
2020-10-24 18:00:00,"A.S. FERROL","1.600","52","445","1.119","29","4","42.970","26.222","36"
2020-10-24 18:00:00,"A.S. LUGO, A MARIÑA E MONFORTE","3.916","64","651","3.173","25","2","73.481","66.310","92"
2020-10-24 18:00:00,"A.S. OURENSE, VERÍN E O BARCO","5.876","94","1.299","4.362","90","13","86.483","62.266","214"
2020-10-24 18:00:00,"A.S. PONTEVEDRA E O SALNÉS","2.973","53","639","2.307","41","7","59.490","40.120","27"
2020-10-24 18:00:00,"A.S. SANTIAGO E BARBANZA","5.313","103","1.089","4.093","71","9","100.625","80.659","132"
2020-10-24 18:00:00,"A.S. VIGO","4.870","121","1.186","3.543","52","7","121.693","53.052","141"
2020-10-24 18:00:00,"GALICIA","32.606","597","6.431","25.315","371","49","633.494","395.344","860"
2020-10-25 18:00:00,"A.S. A CORUÑA E CEE","8.155","96","1.167","6.769","71","9","149.886","66.730","219"
2020-10-25 18:00:00,"A.S. FERROL","1.654","53","488","1.130","33","4","43.297","26.238","36"
2020-10-25 18:00:00,"A.S. LUGO, A MARIÑA E MONFORTE","3.977","59","673","3.212","31","2","74.225","66.348","92"
2020-10-25 18:00:00,"A.S. OURENSE, VERÍN E O BARCO","6.029","153","1.390","4.418","85","15","87.821","62.305","220"
2020-10-25 18:00:00,"A.S. PONTEVEDRA E O SALNÉS","3.034","58","683","2.323","40","7","60.369","40.298","28"
2020-10-25 18:00:00,"A.S. SANTIAGO E BARBANZA","5.397","83","1.122","4.144","72","11","101.889","80.715","132"
2020-10-25 18:00:00,"A.S. VIGO","4.973","101","1.243","3.589","57","7","123.134","53.075","141"
2020-10-25 18:00:00,"GALICIA","33.219","603","6.766","25.585","389","55","640.621","395.709","868"
2020-10-26 18:00:00,"A.S. A CORUÑA E CEE","8.242","86","1.201","6.821","82","9","150.714","66.804","221"
2020-10-26 18:00:00,"A.S. FERROL","1.727","73","546","1.143","34","5","43.768","26.271","37"
2020-10-26 18:00:00,"A.S. LUGO, A MARIÑA E MONFORTE","4.012","34","691","3.229","30","2","74.727","66.422","92"
2020-10-26 18:00:00,"A.S. OURENSE, VERÍN E O BARCO","6.104","69","1.423","4.456","91","16","88.347","62.393","224"
2020-10-26 18:00:00,"A.S. PONTEVEDRA E O SALNÉS","3.101","66","727","2.346","42","9","61.069","40.395","28"
2020-10-26 18:00:00,"A.S. SANTIAGO E BARBANZA","5.459","60","1.128","4.197","63","10","102.993","80.794","135"
2020-10-26 18:00:00,"A.S. VIGO","5.113","137","1.358","3.612","59","7","124.615","53.125","143"
2020-10-26 18:00:00,"GALICIA","33.758","525","7.074","25.804","401","58","646.233","396.204","880"
2020-10-27 18:00:00,"A.S. A CORUÑA E CEE","8.345","100","1.285","6.840","85","10","152.390","66.990","221"
2020-10-27 18:00:00,"A.S. FERROL","1.811","80","620","1.153","33","6","44.281","26.305","37"
2020-10-27 18:00:00,"A.S. LUGO, A MARIÑA E MONFORTE","4.083","72","743","3.248","30","2","75.740","66.598","92"
2020-10-27 18:00:00,"A.S. OURENSE, VERÍN E O BARCO","6.192","89","1.414","4.553","81","16","89.304","62.446","225"
2020-10-27 18:00:00,"A.S. PONTEVEDRA E O SALNÉS","3.184","83","785","2.370","45","9","61.933","40.531","29"
2020-10-27 18:00:00,"A.S. SANTIAGO E BARBANZA","5.550","86","1.186","4.229","59","11","104.473","80.899","135"
2020-10-27 18:00:00,"A.S. VIGO","5.286","172","1.502","3.641","59","8","126.361","53.184","143"
2020-10-27 18:00:00,"GALICIA","34.451","682","7.535","26.034","392","62","654.482","396.953","882"
2020-10-28 18:00:00,"A.S. A CORUÑA E CEE","8.469","123","1.358","6.891","89","11","154.364","67.160","221"
2020-10-28 18:00:00,"A.S. FERROL","1.869","58","670","1.161","32","5","45.058","26.330","37"
2020-10-28 18:00:00,"A.S. LUGO, A MARIÑA E MONFORTE","4.139","52","782","3.264","34","5","76.546","67.897","93"
2020-10-28 18:00:00,"A.S. OURENSE, VERÍN E O BARCO","6.256","59","1.407","4.621","81","17","90.052","62.512","228"
2020-10-28 18:00:00,"A.S. PONTEVEDRA E O SALNÉS","3.244","57","838","2.377","50","8","62.714","40.659","29"
2020-10-28 18:00:00,"A.S. SANTIAGO E BARBANZA","5.668","113","1.251","4.279","62","13","106.101","81.003","138"
2020-10-28 18:00:00,"A.S. VIGO","5.444","156","1.624","3.677","66","8","128.416","53.267","143"
2020-10-28 18:00:00,"GALICIA","35.089","618","7.930","26.270","414","67","663.251","398.828","889"
2020-10-29 18:00:00,"A.S. A CORUÑA E CEE","8.588","117","1.432","6.936","94","14","155.962","67.263","221"
2020-10-29 18:00:00,"A.S. FERROL","1.968","99","757","1.171","24","6","45.716","26.358","39"
2020-10-29 18:00:00,"A.S. LUGO, A MARIÑA E MONFORTE","4.192","50","801","3.297","35","2","77.571","68.001","95"
2020-10-29 18:00:00,"A.S. OURENSE, VERÍN E O BARCO","6.313","54","1.394","4.686","71","19","91.537","62.614","233"
2020-10-29 18:00:00,"A.S. PONTEVEDRA E O SALNÉS","3.323","76","899","2.395","51","7","63.829","40.750","29"
2020-10-29 18:00:00,"A.S. SANTIAGO E BARBANZA","5.787","115","1.322","4.326","63","12","108.014","81.399","139"
2020-10-29 18:00:00,"A.S. VIGO","5.630","185","1.758","3.726","69","9","129.806","53.314","146"
2020-10-29 18:00:00,"GALICIA","35.801","696","8.363","26.537","407","69","672.435","399.699","902"
2020-10-30 18:00:00,"A.S. A CORUÑA E CEE","8.719","130","1.473","7.026","96","12","157.827","67.341","222"
2020-10-30 18:00:00,"A.S. FERROL","2.035","64","807","1.187","30","7","46.443","26.369","39"
2020-10-30 18:00:00,"A.S. LUGO, A MARIÑA E MONFORTE","4.313","119","894","3.324","32","3","79.179","68.086","96"
2020-10-30 18:00:00,"A.S. OURENSE, VERÍN E O BARCO","6.405","91","1.397","4.773","65","20","92.862","62.681","235"
2020-10-30 18:00:00,"A.S. PONTEVEDRA E O SALNÉS","3.376","53","918","2.428","53","7","64.679","40.941","30"
2020-10-30 18:00:00,"A.S. SANTIAGO E BARBANZA","5.878","84","1.349","4.389","66","12","109.746","81.797","140"
2020-10-30 18:00:00,"A.S. VIGO","5.845","214","1.924","3.773","63","8","131.933","53.365","148"
2020-10-30 18:00:00,"GALICIA","36.571","755","8.762","26.900","405","69","682.669","400.580","910"
2020-10-31 18:00:00,"A.S. A CORUÑA E CEE","8.852","131","1.541","7.091","98","14","159.709","67.356","222"
2020-10-31 18:00:00,"A.S. FERROL","2.171","136","930","1.199","29","8","47.114","26.384","40"
2020-10-31 18:00:00,"A.S. LUGO, A MARIÑA E MONFORTE","4.428","112","986","3.347","33","4","80.056","68.134","96"
2020-10-31 18:00:00,"A.S. OURENSE, VERÍN E O BARCO","6.432","25","1.276","4.920","75","17","94.212","62.725","236"
2020-10-31 18:00:00,"A.S. PONTEVEDRA E O SALNÉS","3.491","113","994","2.467","58","6","65.798","40.977","30"
2020-10-31 18:00:00,"A.S. SANTIAGO E BARBANZA","5.975","93","1.372","4.461","60","14","111.466","81.859","142"
2020-10-31 18:00:00,"A.S. VIGO","6.013","165","2.020","3.845","55","11","134.288","53.403","148"
2020-10-31 18:00:00,"GALICIA","37.362","775","9.119","27.330","408","74","692.643","400.838","914"
2020-11-01 18:00:00,"A.S. A CORUÑA E CEE","8.962","104","1.575","7.165","111","14","161.224","67.391","224"
2020-11-01 18:00:00,"A.S. FERROL","2.219","48","954","1.223","36","7","47.722","26.394","40"
2020-11-01 18:00:00,"A.S. LUGO, A MARIÑA E MONFORTE","4.468","39","983","3.388","33","5","80.754","68.168","98"
2020-11-01 18:00:00,"A.S. OURENSE, VERÍN E O BARCO","6.522","87","1.299","4.983","80","16","95.408","62.756","240"
2020-11-01 18:00:00,"A.S. PONTEVEDRA E O SALNÉS","3.599","109","1.049","2.519","61","6","66.453","41.037","31"
2020-11-01 18:00:00,"A.S. SANTIAGO E BARBANZA","6.027","55","1.360","4.525","65","13","112.796","81.915","142"
2020-11-01 18:00:00,"A.S. VIGO","6.169","155","2.072","3.949","60","16","135.996","53.430","148"
2020-11-01 18:00:00,"GALICIA","37.966","597","9.292","27.752","446","77","700.353","401.091","923"
2020-11-02 18:00:00,"A.S. A CORUÑA E CEE","9.048","84","1.603","7.218","119","16","162.214","67.498","229"
2020-11-02 18:00:00,"A.S. FERROL","2.282","62","982","1.256","37","7","48.449","26.441","42"
2020-11-02 18:00:00,"A.S. LUGO, A MARIÑA E MONFORTE","4.497","26","963","3.436","36","5","81.398","68.255","99"
2020-11-02 18:00:00,"A.S. OURENSE, VERÍN E O BARCO","6.560","38","1.272","5.045","80","18","95.991","62.872","243"
2020-11-02 18:00:00,"A.S. PONTEVEDRA E O SALNÉS","3.676","76","1.082","2.561","66","4","67.155","41.079","33"
2020-11-02 18:00:00,"A.S. SANTIAGO E BARBANZA","6.083","51","1.348","4.591","63","14","113.878","82.266","144"
2020-11-02 18:00:00,"A.S. VIGO","6.268","88","2.126","3.988","65","15","137.241","53.538","154"
2020-11-02 18:00:00,"GALICIA","38.414","425","9.376","28.095","466","79","706.326","401.949","944"
2020-11-03 18:00:00,"A.S. A CORUÑA E CEE","9.169","120","1.668","7.272","114","18","163.635","67.565","231"
2020-11-03 18:00:00,"A.S. FERROL","2.346","64","1.029","1.272","38","7","49.040","26.543","43"
2020-11-03 18:00:00,"A.S. LUGO, A MARIÑA E MONFORTE","4.570","72","1.016","3.454","37","5","82.133","68.328","101"
2020-11-03 18:00:00,"A.S. OURENSE, VERÍN E O BARCO","6.604","42","1.211","5.150","86","17","96.811","62.935","243"
2020-11-03 18:00:00,"A.S. PONTEVEDRA E O SALNÉS","3.731","52","1.097","2.601","72","5","68.011","41.177","33"
2020-11-03 18:00:00,"A.S. SANTIAGO E BARBANZA","6.177","89","1.350","4.683","69","12","115.252","82.624","144"
2020-11-03 18:00:00,"A.S. VIGO","6.461","187","2.271","4.034","67","16","138.918","53.650","156"
2020-11-03 18:00:00,"GALICIA","39.058","626","9.642","28.466","483","80","713.800","402.822","951"
2020-11-04 18:00:00,"A.S. A CORUÑA E CEE","9.291","117","1.737","7.321","124","19","165.219","67.705","235"
2020-11-04 18:00:00,"A.S. FERROL","2.430","81","1.094","1.290","41","8","49.666","26.565","44"
2020-11-04 18:00:00,"A.S. LUGO, A MARIÑA E MONFORTE","4.649","75","1.049","3.500","43","5","83.071","68.386","101"
2020-11-04 18:00:00,"A.S. OURENSE, VERÍN E O BARCO","6.652","45","1.152","5.256","87","15","97.698","63.016","244"
2020-11-04 18:00:00,"A.S. PONTEVEDRA E O SALNÉS","3.824","95","1.137","2.654","74","4","68.949","41.253","33"
2020-11-04 18:00:00,"A.S. SANTIAGO E BARBANZA","6.258","81","1.338","4.775","61","12","116.664","82.904","145"
2020-11-04 18:00:00,"A.S. VIGO","6.714","240","2.388","4.168","68","16","141.645","53.770","158"
2020-11-04 18:00:00,"GALICIA","39.818","734","9.895","28.964","498","79","722.912","403.599","960"
2020-11-05 18:00:00,"A.S. A CORUÑA E CEE","9.457","153","1.831","7.392","124","21","166.523","67.818","236"
2020-11-05 18:00:00,"A.S. FERROL","2.487","58","1.118","1.323","44","9","50.248","26.603","44"
2020-11-05 18:00:00,"A.S. LUGO, A MARIÑA E MONFORTE","4.761","107","1.109","3.552","48","5","84.131","68.584","101"
2020-11-05 18:00:00,"A.S. OURENSE, VERÍN E O BARCO","6.711","60","1.131","5.331","91","16","98.668","63.157","248"
2020-11-05 18:00:00,"A.S. PONTEVEDRA E O SALNÉS","3.918","92","1.194","2.691","74","4","69.955","41.320","33"
2020-11-05 18:00:00,"A.S. SANTIAGO E BARBANZA","6.322","61","1.338","4.838","55","13","117.710","83.093","147"
2020-11-05 18:00:00,"A.S. VIGO","6.884","154","2.475","4.249","72","17","143.542","53.918","160"
2020-11-05 18:00:00,"GALICIA","40.540","685","10.196","29.376","508","85","730.777","404.493","969"
2020-11-06 18:00:00,"A.S. A CORUÑA E CEE","9.598","135","1.886","7.478","125","22","168.323","68.012","236"
2020-11-06 18:00:00,"A.S. FERROL","2.529","40","1.089","1.393","46","9","50.861","26.628","45"
2020-11-06 18:00:00,"A.S. LUGO, A MARIÑA E MONFORTE","4.861","99","1.157","3.603","46","4","85.073","68.905","102"
2020-11-06 18:00:00,"A.S. OURENSE, VERÍN E O BARCO","6.768","54","1.096","5.421","86","15","99.451","63.227","250"
2020-11-06 18:00:00,"A.S. PONTEVEDRA E O SALNÉS","3.996","75","1.229","2.733","67","4","71.035","41.399","34"
2020-11-06 18:00:00,"A.S. SANTIAGO E BARBANZA","6.402","71","1.289","4.966","50","14","118.583","83.276","148"
2020-11-06 18:00:00,"A.S. VIGO","7.052","165","2.530","4.361","75","16","145.427","54.047","161"
2020-11-06 18:00:00,"GALICIA","41.206","639","10.276","29.955","495","84","738.753","405.494","976"
2020-11-07 18:00:00,"A.S. A CORUÑA E CEE","9.730","136","1.868","7.626","123","22","169.786","68.042","238"
2020-11-07 18:00:00,"A.S. FERROL","2.573","43","1.071","1.455","41","9","51.420","26.646","45"
2020-11-07 18:00:00,"A.S. LUGO, A MARIÑA E MONFORTE","4.922","61","1.127","3.694","47","4","85.923","69.028","102"
2020-11-07 18:00:00,"A.S. OURENSE, VERÍN E O BARCO","6.833","61","1.082","5.500","88","16","100.295","63.256","250"
2020-11-07 18:00:00,"A.S. PONTEVEDRA E O SALNÉS","4.064","68","1.232","2.797","70","5","72.259","41.451","36"
2020-11-07 18:00:00,"A.S. SANTIAGO E BARBANZA","6.463","60","1.226","5.088","47","15","119.537","83.360","149"
2020-11-07 18:00:00,"A.S. VIGO","7.166","112","2.503","4.502","67","18","147.417","54.068","161"
2020-11-07 18:00:00,"GALICIA","41.751","541","10.109","30.662","483","89","746.637","405.851","981"
2020-11-08 18:00:00,"A.S. A CORUÑA E CEE","9.839","108","1.887","7.716","134","23","171.108","68.081","238"
2020-11-08 18:00:00,"A.S. FERROL","2.598","25","1.045","1.506","46","9","51.918","26.654","45"
2020-11-08 18:00:00,"A.S. LUGO, A MARIÑA E MONFORTE","4.982","60","1.116","3.763","54","4","86.836","69.059","104"
2020-11-08 18:00:00,"A.S. OURENSE, VERÍN E O BARCO","6.861","29","1.035","5.572","88","19","100.753","63.279","253"
2020-11-08 18:00:00,"A.S. PONTEVEDRA E O SALNÉS","4.129","65","1.254","2.838","73","5","72.978","41.509","38"
2020-11-08 18:00:00,"A.S. SANTIAGO E BARBANZA","6.517","51","1.209","5.159","49","16","120.393","83.417","149"
2020-11-08 18:00:00,"A.S. VIGO","7.224","57","2.469","4.594","67","18","148.430","54.107","161"
2020-11-08 18:00:00,"GALICIA","42.150","395","10.015","31.148","511","94","752.416","406.106","988"
2020-11-09 18:00:00,"A.S. A CORUÑA E CEE","9.909","66","1.898","7.771","128","26","171.785","68.198","242"
2020-11-09 18:00:00,"A.S. FERROL","2.618","20","1.013","1.554","45","9","52.279","26.684","49"
2020-11-09 18:00:00,"A.S. LUGO, A MARIÑA E MONFORTE","5.034","42","1.148","3.782","59","4","87.421","69.174","105"
2020-11-09 18:00:00,"A.S. OURENSE, VERÍN E O BARCO","6.906","34","1.021","5.627","88","15","101.541","63.354","257"
2020-11-09 18:00:00,"A.S. PONTEVEDRA E O SALNÉS","4.174","41","1.247","2.889","75","5","73.396","41.616","39"
2020-11-09 18:00:00,"A.S. SANTIAGO E BARBANZA","6.550","31","1.170","5.231","46","16","120.861","83.518","149"
2020-11-09 18:00:00,"A.S. VIGO","7.342","116","2.455","4.719","73","20","149.476","54.241","168"
2020-11-09 18:00:00,"GALICIA","42.533","350","9.952","31.573","514","95","756.759","406.785","1.009"
2020-11-10 18:00:00,"A.S. A CORUÑA E CEE","10.020","114","1.921","7.857","125","24","173.347","68.275","245"
2020-11-10 18:00:00,"A.S. FERROL","2.654","37","978","1.622","50","8","52.823","26.836","52"
2020-11-10 18:00:00,"A.S. LUGO, A MARIÑA E MONFORTE","5.071","34","1.129","3.834","54","5","88.076","69.279","108"
2020-11-10 18:00:00,"A.S. OURENSE, VERÍN E O BARCO","6.949","43","929","5.758","79","15","102.385","63.405","261"
2020-11-10 18:00:00,"A.S. PONTEVEDRA E O SALNÉS","4.238","64","1.263","2.936","81","5","74.198","41.734","40"
2020-11-10 18:00:00,"A.S. SANTIAGO E BARBANZA","6.629","73","1.186","5.293","54","16","121.974","83.653","150"
2020-11-10 18:00:00,"A.S. VIGO","7.492","150","2.463","4.861","73","22","151.413","54.373","168"
2020-11-10 18:00:00,"GALICIA","43.053","515","9.869","32.161","516","95","764.216","407.555","1.024"
2020-11-11 18:00:00,"A.S. A CORUÑA E CEE","10.147","122","1.855","8.048","124","23","175.420","68.393","247"
2020-11-11 18:00:00,"A.S. FERROL","2.678","24","931","1.690","48","8","53.340","26.857","55"
2020-11-11 18:00:00,"A.S. LUGO, A MARIÑA E MONFORTE","5.135","65","1.064","3.963","55","3","88.960","69.392","108"
2020-11-11 18:00:00,"A.S. OURENSE, VERÍN E O BARCO","6.990","41","880","5.846","77","15","103.068","63.429","264"
2020-11-11 18:00:00,"A.S. PONTEVEDRA E O SALNÉS","4.301","66","1.250","3.012","81","5","75.170","41.820","40"
2020-11-11 18:00:00,"A.S. SANTIAGO E BARBANZA","6.693","62","1.148","5.391","54","14","122.953","83.785","154"
2020-11-11 18:00:00,"A.S. VIGO","7.631","143","2.426","5.034","75","22","153.433","54.489","171"
2020-11-11 18:00:00,"GALICIA","43.575","523","9.554","32.984","514","90","772.344","408.165","1.039"
2020-11-12 18:00:00,"A.S. A CORUÑA E CEE","10.267","111","1.840","8.182","119","24","177.814","68.610","248"
2020-11-12 18:00:00,"A.S. FERROL","2.724","46","915","1.752","52","8","53.898","26.979","55"
2020-11-12 18:00:00,"A.S. LUGO, A MARIÑA E MONFORTE","5.175","42","1.053","4.014","47","6","89.771","69.485","108"
2020-11-12 18:00:00,"A.S. OURENSE, VERÍN E O BARCO","7.030","34","874","5.891","74","16","103.576","63.504","264"
2020-11-12 18:00:00,"A.S. PONTEVEDRA E O SALNÉS","4.366","65","1.270","3.056","78","5","76.086","41.937","41"
2020-11-12 18:00:00,"A.S. SANTIAGO E BARBANZA","6.791","95","1.130","5.506","54","14","123.984","84.099","155"
2020-11-12 18:00:00,"A.S. VIGO","7.848","218","2.450","5.223","70","23","155.539","54.597","175"
2020-11-12 18:00:00,"GALICIA","44.201","611","9.532","33.624","494","96","780.668","409.211","1.046"
2020-11-13 18:00:00,"A.S. A CORUÑA E CEE","10.380","103","1.847","8.284","117","24","179.335","68.794","252"
2020-11-13 18:00:00,"A.S. FERROL","2.772","50","872","1.842","53","10","54.511","27.100","56"
2020-11-13 18:00:00,"A.S. LUGO, A MARIÑA E MONFORTE","5.290","114","1.109","4.072","45","6","90.779","69.584","109"
2020-11-13 18:00:00,"A.S. OURENSE, VERÍN E O BARCO","7.074","43","856","5.952","70","14","104.231","63.574","265"
2020-11-13 18:00:00,"A.S. PONTEVEDRA E O SALNÉS","4.432","64","1.277","3.114","68","6","77.203","41.991","42"
2020-11-13 18:00:00,"A.S. SANTIAGO E BARBANZA","6.848","52","1.085","5.607","47","14","125.968","84.520","156"
2020-11-13 18:00:00,"A.S. VIGO","8.067","214","2.508","5.383","68","26","157.644","54.744","176"
2020-11-13 18:00:00,"GALICIA","44.863","640","9.554","34.254","468","100","789.671","410.307","1.056"
2020-11-14 18:00:00,"A.S. A CORUÑA E CEE","10.485","104","1.820","8.415","120","28","180.819","68.856","253"
2020-11-14 18:00:00,"A.S. FERROL","2.793","22","841","1.893","47","11","55.011","27.255","57"
2020-11-14 18:00:00,"A.S. LUGO, A MARIÑA E MONFORTE","5.357","62","1.062","4.186","51","6","91.726","69.622","109"
2020-11-14 18:00:00,"A.S. OURENSE, VERÍN E O BARCO","7.115","39","825","6.022","70","12","104.839","63.648","267"
2020-11-14 18:00:00,"A.S. PONTEVEDRA E O SALNÉS","4.482","50","1.267","3.174","61","7","78.366","42.027","42"
2020-11-14 18:00:00,"A.S. SANTIAGO E BARBANZA","6.914","63","1.041","5.715","47","15","127.591","84.585","158"
2020-11-14 18:00:00,"A.S. VIGO","8.216","149","2.442","5.598","77","26","159.646","54.774","176"
2020-11-14 18:00:00,"GALICIA","45.362","489","9.298","35.003","473","105","797.998","410.767","1.062"
2020-11-15 18:00:00,"A.S. A CORUÑA E CEE","10.590","104","1.840","8.500","130","31","182.085","68.920","253"
2020-11-15 18:00:00,"A.S. FERROL","2.821","28","786","1.973","50","11","55.441","27.295","60"
2020-11-15 18:00:00,"A.S. LUGO, A MARIÑA E MONFORTE","5.427","71","1.042","4.275","54","5","92.669","69.660","110"
2020-11-15 18:00:00,"A.S. OURENSE, VERÍN E O BARCO","7.150","36","812","6.068","77","12","105.717","63.672","269"
2020-11-15 18:00:00,"A.S. PONTEVEDRA E O SALNÉS","4.531","48","1.233","3.256","61","9","78.754","42.065","43"
2020-11-15 18:00:00,"A.S. SANTIAGO E BARBANZA","6.978","63","1.036","5.784","46","17","129.446","84.644","158"
2020-11-15 18:00:00,"A.S. VIGO","8.309","92","2.361","5.772","82","25","160.932","54.815","176"
2020-11-15 18:00:00,"GALICIA","45.806","442","9.110","35.628","500","110","805.044","411.071","1.069"
2020-11-16 18:00:00,"A.S. A CORUÑA E CEE","10.659","63","1.835","8.574","131","31","182.732","69.095","253"
2020-11-16 18:00:00,"A.S. FERROL","2.860","39","777","2.019","46","12","55.787","27.329","62"
2020-11-16 18:00:00,"A.S. LUGO, A MARIÑA E MONFORTE","5.486","55","1.071","4.301","53","6","93.491","69.808","114"
2020-11-16 18:00:00,"A.S. OURENSE, VERÍN E O BARCO","7.175","26","781","6.122","82","10","106.892","63.748","271"
2020-11-16 18:00:00,"A.S. PONTEVEDRA E O SALNÉS","4.599","67","1.213","3.344","64","8","79.358","42.149","43"
2020-11-16 18:00:00,"A.S. SANTIAGO E BARBANZA","7.028","41","1.036","5.834","45","16","131.944","84.746","158"
2020-11-16 18:00:00,"A.S. VIGO","8.408","97","2.347","5.876","82","23","161.737","54.954","185"
2020-11-16 18:00:00,"GALICIA","46.215","388","9.060","36.070","503","106","811.941","411.829","1.086"
2020-11-17 18:00:00,"A.S. A CORUÑA E CEE","10.788","122","1.876","8.660","127","30","184.180","69.798","255"
2020-11-17 18:00:00,"A.S. FERROL","2.882","21","749","2.069","40","12","56.191","27.371","62"
2020-11-17 18:00:00,"A.S. LUGO, A MARIÑA E MONFORTE","5.554","69","1.100","4.339","54","5","94.225","70.007","115"
2020-11-17 18:00:00,"A.S. OURENSE, VERÍN E O BARCO","7.208","33","749","6.186","78","10","107.792","63.855","272"
2020-11-17 18:00:00,"A.S. PONTEVEDRA E O SALNÉS","4.691","88","1.254","3.395","60","8","80.252","42.240","43"
2020-11-17 18:00:00,"A.S. SANTIAGO E BARBANZA","7.089","60","1.006","5.925","42","15","133.582","84.900","158"
2020-11-17 18:00:00,"A.S. VIGO","8.516","108","2.317","6.012","75","22","163.055","55.065","187"
2020-11-17 18:00:00,"GALICIA","46.728","501","9.051","36.586","476","102","819.277","413.236","1.092"
2020-11-18 18:00:00,"A.S. A CORUÑA E CEE","10.913","122","1.888","8.770","139","29","185.484","70.076","258"
2020-11-18 18:00:00,"A.S. FERROL","2.915","34","724","2.125","39","11","56.687","27.424","64"
2020-11-18 18:00:00,"A.S. LUGO, A MARIÑA E MONFORTE","5.607","51","1.072","4.420","45","5","95.009","70.291","115"
2020-11-18 18:00:00,"A.S. OURENSE, VERÍN E O BARCO","7.261","44","749","6.236","79","11","108.689","63.950","275"
2020-11-18 18:00:00,"A.S. PONTEVEDRA E O SALNÉS","4.761","67","1.250","3.468","54","8","81.249","42.310","44"
2020-11-18 18:00:00,"A.S. SANTIAGO E BARBANZA","7.160","67","993","6.009","40","15","134.582","85.044","158"
2020-11-18 18:00:00,"A.S. VIGO","8.796","282","2.422","6.182","76","22","165.226","55.139","193"
2020-11-18 18:00:00,"GALICIA","47.413","667","9.098","37.210","472","101","826.926","414.234","1.107"
2020-11-19 18:00:00,"A.S. A CORUÑA E CEE","11.018","102","1.869","8.893","143","29","186.802","70.265","259"
2020-11-19 18:00:00,"A.S. FERROL","2.955","40","680","2.208","33","11","57.179","27.439","65"
2020-11-19 18:00:00,"A.S. LUGO, A MARIÑA E MONFORTE","5.775","167","1.194","4.466","42","5","95.854","70.621","115"
2020-11-19 18:00:00,"A.S. OURENSE, VERÍN E O BARCO","7.308","45","720","6.308","77","10","109.275","64.061","279"
2020-11-19 18:00:00,"A.S. PONTEVEDRA E O SALNÉS","4.845","84","1.235","3.566","62","6","82.404","42.395","45"
2020-11-19 18:00:00,"A.S. SANTIAGO E BARBANZA","7.245","79","1.008","6.077","39","12","135.437","85.199","160"
2020-11-19 18:00:00,"A.S. VIGO","8.967","168","2.380","6.392","76","24","166.827","55.233","196"
2020-11-19 18:00:00,"GALICIA","48.113","685","9.086","37.910","472","97","833.778","415.213","1.119"
2020-11-20 18:00:00,"A.S. A CORUÑA E CEE","11.136","110","1.854","9.024","133","29","188.277","70.541","261"
2020-11-20 18:00:00,"A.S. FERROL","2.990","35","661","2.262","34","9","57.496","27.467","65"
2020-11-20 18:00:00,"A.S. LUGO, A MARIÑA E MONFORTE","5.832","55","1.139","4.576","45","5","96.613","70.746","117"
2020-11-20 18:00:00,"A.S. OURENSE, VERÍN E O BARCO","7.343","34","689","6.371","70","10","109.930","64.149","282"
2020-11-20 18:00:00,"A.S. PONTEVEDRA E O SALNÉS","4.934","87","1.242","3.646","53","6","83.433","42.469","47"
2020-11-20 18:00:00,"A.S. SANTIAGO E BARBANZA","7.323","69","1.005","6.158","40","12","136.309","85.294","160"
2020-11-20 18:00:00,"A.S. VIGO","9.137","171","2.388","6.550","63","25","168.809","55.333","200"
2020-11-20 18:00:00,"GALICIA","48.695","561","8.978","38.587","438","96","840.867","415.999","1.132"
2020-11-21 18:00:00,"A.S. A CORUÑA E CEE","11.264","125","1.842","9.164","138","29","189.726","70.656","261"
2020-11-21 18:00:00,"A.S. FERROL","3.041","51","675","2.297","32","12","57.898","27.483","67"
2020-11-21 18:00:00,"A.S. LUGO, A MARIÑA E MONFORTE","5.889","56","1.117","4.655","41","7","97.239","70.780","117"
2020-11-21 18:00:00,"A.S. OURENSE, VERÍN E O BARCO","7.382","40","664","6.433","68","10","110.719","64.209","284"
2020-11-21 18:00:00,"A.S. PONTEVEDRA E O SALNÉS","4.985","51","1.235","3.704","52","5","84.295","42.503","47"
2020-11-21 18:00:00,"A.S. SANTIAGO E BARBANZA","7.378","54","975","6.242","41","12","137.467","85.400","161"
2020-11-21 18:00:00,"A.S. VIGO","9.220","80","2.320","6.701","67","25","170.654","55.371","200"
2020-11-21 18:00:00,"GALICIA","49.159","457","8.828","39.196","439","100","847.998","416.402","1.137"
2020-11-22 18:00:00,"A.S. A CORUÑA E CEE","11.333","68","1.798","9.273","141","30","191.179","70.698","265"
2020-11-22 18:00:00,"A.S. FERROL","3.083","41","684","2.330","32","13","58.315","27.505","67"
2020-11-22 18:00:00,"A.S. LUGO, A MARIÑA E MONFORTE","5.927","38","1.097","4.713","41","7","98.051","70.811","117"
2020-11-22 18:00:00,"A.S. OURENSE, VERÍN E O BARCO","7.398","16","637","6.475","70","10","111.262","64.237","285"
2020-11-22 18:00:00,"A.S. PONTEVEDRA E O SALNÉS","5.063","78","1.234","3.782","58","4","84.981","42.549","48"
2020-11-22 18:00:00,"A.S. SANTIAGO E BARBANZA","7.419","40","959","6.297","43","11","138.229","85.452","163"
2020-11-22 18:00:00,"A.S. VIGO","9.264","42","2.260","6.804","74","25","172.124","55.410","201"
2020-11-22 18:00:00,"GALICIA","49.487","323","8.669","39.674","459","100","854.141","416.662","1.146"
2020-11-23 18:00:00,"A.S. A CORUÑA E CEE","11.391","53","1.759","9.365","137","31","191.850","70.874","270"
2020-11-23 18:00:00,"A.S. FERROL","3.111","28","697","2.345","35","10","58.647","27.714","67"
2020-11-23 18:00:00,"A.S. LUGO, A MARIÑA E MONFORTE","5.988","60","1.108","4.763","40","7","98.774","71.032","117"
2020-11-23 18:00:00,"A.S. OURENSE, VERÍN E O BARCO","7.420","21","627","6.504","67","9","111.543","64.306","288"
2020-11-23 18:00:00,"A.S. PONTEVEDRA E O SALNÉS","5.134","70","1.235","3.850","59","6","85.672","42.649","50"
2020-11-23 18:00:00,"A.S. SANTIAGO E BARBANZA","7.479","52","982","6.332","42","10","138.744","85.583","165"
2020-11-23 18:00:00,"A.S. VIGO","9.309","43","2.209","6.897","76","23","173.379","55.486","204"
2020-11-23 18:00:00,"GALICIA","49.832","327","8.617","40.056","456","96","858.609","417.644","1.161"
2020-11-24 18:00:00,"A.S. A CORUÑA E CEE","11.498","100","1.766","9.462","126","35","193.074","71.185","273"
2020-11-24 18:00:00,"A.S. FERROL","3.130","19","689","2.371","41","10","59.222","27.736","68"
2020-11-24 18:00:00,"A.S. LUGO, A MARIÑA E MONFORTE","6.024","37","1.102","4.804","35","8","99.387","71.375","118"
2020-11-24 18:00:00,"A.S. OURENSE, VERÍN E O BARCO","7.449","27","608","6.551","57","8","112.286","64.420","289"
2020-11-24 18:00:00,"A.S. PONTEVEDRA E O SALNÉS","5.184","48","1.218","3.917","58","6","86.332","42.776","50"
2020-11-24 18:00:00,"A.S. SANTIAGO E BARBANZA","7.524","44","962","6.396","39","8","139.589","85.751","166"
2020-11-24 18:00:00,"A.S. VIGO","9.554","246","2.293","7.056","78","22","175.450","55.574","206"
2020-11-24 18:00:00,"GALICIA","50.363","521","8.638","40.557","434","97","865.340","418.817","1.170"
2020-11-25 18:00:00,"A.S. A CORUÑA E CEE","11.591","86","1.743","9.577","123","32","194.773","71.453","274"
2020-11-25 18:00:00,"A.S. FERROL","3.175","47","707","2.398","41","9","59.994","27.762","68"
2020-11-25 18:00:00,"A.S. LUGO, A MARIÑA E MONFORTE","6.076","48","1.085","4.872","31","7","100.060","71.660","119"
2020-11-25 18:00:00,"A.S. OURENSE, VERÍN E O BARCO","7.471","19","574","6.606","56","8","112.702","64.502","290"
2020-11-25 18:00:00,"A.S. PONTEVEDRA E O SALNÉS","5.241","58","1.214","3.978","53","7","87.223","42.873","50"
2020-11-25 18:00:00,"A.S. SANTIAGO E BARBANZA","7.587","48","948","6.473","40","7","141.045","86.019","166"
2020-11-25 18:00:00,"A.S. VIGO","9.663","109","2.308","7.150","77","22","177.455","55.649","206"
2020-11-25 18:00:00,"GALICIA","50.804","415","8.579","41.054","421","92","873.252","419.918","1.173"
2020-11-26 18:00:00,"A.S. A CORUÑA E CEE","11.692","91","1.724","9.696","115","33","196.416","71.736","275"
2020-11-26 18:00:00,"A.S. FERROL","3.241","66","737","2.434","42","9","60.613","27.799","68"
2020-11-26 18:00:00,"A.S. LUGO, A MARIÑA E MONFORTE","6.109","31","1.060","4.928","30","6","100.725","71.796","120"
2020-11-26 18:00:00,"A.S. OURENSE, VERÍN E O BARCO","7.487","15","533","6.663","55","7","113.189","64.612","290"
2020-11-26 18:00:00,"A.S. PONTEVEDRA E O SALNÉS","5.294","51","1.200","4.044","55","7","87.947","42.943","51"
2020-11-26 18:00:00,"A.S. SANTIAGO E BARBANZA","7.644","57","930","6.547","34","8","142.549","86.183","168"
2020-11-26 18:00:00,"A.S. VIGO","9.778","115","2.268","7.304","73","23","179.235","55.711","207"
2020-11-26 18:00:00,"GALICIA","51.245","426","8.452","41.616","404","93","880.674","420.780","1.179"
2020-11-27 18:00:00,"A.S. A CORUÑA E CEE","11.772","73","1.697","9.800","112","33","198.065","71.984","278"
2020-11-27 18:00:00,"A.S. FERROL","3.251","36","706","2.471","44","8","61.349","27.933","72"
2020-11-27 18:00:00,"A.S. LUGO, A MARIÑA E MONFORTE","6.180","61","1.065","4.994","32","4","101.472","71.915","120"
2020-11-27 18:00:00,"A.S. OURENSE, VERÍN E O BARCO","7.507","17","510","6.706","56","8","113.882","64.703","290"
2020-11-27 18:00:00,"A.S. PONTEVEDRA E O SALNÉS","5.350","55","1.167","4.132","50","6","88.639","43.101","52"
2020-11-27 18:00:00,"A.S. SANTIAGO E BARBANZA","7.693","39","898","6.628","27","8","143.576","86.357","168"
2020-11-27 18:00:00,"A.S. VIGO","9.855","74","2.168","7.477","63","18","180.696","55.859","211"
2020-11-27 18:00:00,"GALICIA","51.608","355","8.211","42.208","384","85","887.679","421.852","1.191"
2020-11-28 18:00:00,"A.S. A CORUÑA E CEE","11.843","63","1.675","9.893","104","32","199.255","72.122","278"
2020-11-28 18:00:00,"A.S. FERROL","3.268","17","688","2.506","44","8","61.701","27.938","72"
2020-11-28 18:00:00,"A.S. LUGO, A MARIÑA E MONFORTE","6.212","31","967","5.123","35","4","102.384","71.947","121"
2020-11-28 18:00:00,"A.S. OURENSE, VERÍN E O BARCO","7.520","12","473","6.756","54","8","114.648","64.748","290"
2020-11-28 18:00:00,"A.S. PONTEVEDRA E O SALNÉS","5.408","55","1.136","4.220","51","6","89.544","43.154","53"
2020-11-28 18:00:00,"A.S. SANTIAGO E BARBANZA","7.737","42","866","6.704","29","6","144.459","86.426","168"
2020-11-28 18:00:00,"A.S. VIGO","9.963","109","2.099","7.654","71","17","182.601","55.882","211"
2020-11-28 18:00:00,"GALICIA","51.951","329","7.904","42.856","388","81","894.592","422.217","1.193"
2020-11-29 18:00:00,"A.S. A CORUÑA E CEE","11.906","62","1.659","9.970","110","28","200.166","72.194","280"
2020-11-29 18:00:00,"A.S. FERROL","3.296","27","701","2.519","47","7","62.110","28.055","74"
2020-11-29 18:00:00,"A.S. LUGO, A MARIÑA E MONFORTE","6.237","24","951","5.163","40","4","103.102","71.982","122"
2020-11-29 18:00:00,"A.S. OURENSE, VERÍN E O BARCO","7.535","13","458","6.785","52","7","115.384","64.778","291"
2020-11-29 18:00:00,"A.S. PONTEVEDRA E O SALNÉS","5.466","54","1.156","4.256","54","8","90.157","43.209","55"
2020-11-29 18:00:00,"A.S. SANTIAGO E BARBANZA","7.763","23","860","6.736","31","6","145.101","86.490","168"
2020-11-29 18:00:00,"A.S. VIGO","9.999","35","2.021","7.764","72","18","184.042","55.915","215"
2020-11-29 18:00:00,"GALICIA","52.202","238","7.806","43.193","406","78","900.062","422.623","1.205"
2020-11-30 18:00:00,"A.S. A CORUÑA E CEE","11.948","36","1.606","10.064","107","22","200.652","72.389","282"
2020-11-30 18:00:00,"A.S. FERROL","3.308","12","681","2.551","41","8","62.656","28.251","74"
2020-11-30 18:00:00,"A.S. LUGO, A MARIÑA E MONFORTE","6.278","38","935","5.219","38","3","103.748","72.098","123"
2020-11-30 18:00:00,"A.S. OURENSE, VERÍN E O BARCO","7.547","10","449","6.805","51","6","115.739","64.851","292"
2020-11-30 18:00:00,"A.S. PONTEVEDRA E O SALNÉS","5.517","49","1.137","4.326","56","6","90.715","43.269","55"
2020-11-30 18:00:00,"A.S. SANTIAGO E BARBANZA","7.799","25","845","6.787","32","7","145.719","86.630","168"
2020-11-30 18:00:00,"A.S. VIGO","10.075","69","1.993","7.866","67","17","185.299","56.033","217"
2020-11-30 18:00:00,"GALICIA","52.472","239","7.646","43.618","392","69","904.528","423.521","1.211"
2020-12-01 18:00:00,"A.S. A CORUÑA E CEE","12.016","52","1.575","10.160","106","22","201.862","72.618","285"
2020-12-01 18:00:00,"A.S. FERROL","3.336","30","675","2.584","39","7","63.088","28.500","75"
2020-12-01 18:00:00,"A.S. LUGO, A MARIÑA E MONFORTE","6.318","37","911","5.281","30","2","104.467","72.196","125"
2020-12-01 18:00:00,"A.S. OURENSE, VERÍN E O BARCO","7.566","16","436","6.835","41","6","116.314","64.944","294"
2020-12-01 18:00:00,"A.S. PONTEVEDRA E O SALNÉS","5.560","41","1.122","4.383","50","8","91.451","43.403","56"
2020-12-01 18:00:00,"A.S. SANTIAGO E BARBANZA","7.857","37","834","6.856","33","5","146.679","86.876","168"
2020-12-01 18:00:00,"A.S. VIGO","10.188","115","1.984","7.987","65","17","187.202","56.103","218"
2020-12-01 18:00:00,"GALICIA","52.841","328","7.537","44.086","364","67","911.063","424.640","1.221"
2020-12-02 18:00:00,"A.S. A CORUÑA E CEE","12.079","61","1.525","10.271","103","23","202.865","72.853","287"
2020-12-02 18:00:00,"A.S. FERROL","3.356","20","651","2.627","37","5","63.618","28.668","76"
2020-12-02 18:00:00,"A.S. LUGO, A MARIÑA E MONFORTE","6.351","31","885","5.339","28","2","105.040","72.294","126"
2020-12-02 18:00:00,"A.S. OURENSE, VERÍN E O BARCO","7.610","41","450","6.865","40","6","116.635","65.009","294"
2020-12-02 18:00:00,"A.S. PONTEVEDRA E O SALNÉS","5.602","42","1.106","4.440","42","10","92.575","43.492","57"
2020-12-02 18:00:00,"A.S. SANTIAGO E BARBANZA","7.924","55","825","6.932","37","4","147.649","87.113","168"
2020-12-02 18:00:00,"A.S. VIGO","10.285","100","1.977","8.089","62","15","188.926","56.165","220"
2020-12-02 18:00:00,"GALICIA","53.207","350","7.419","44.563","349","65","917.308","425.594","1.228"
2020-12-03 18:00:00,"A.S. A CORUÑA E CEE","12.137","53","1.472","10.380","106","21","203.721","73.075","289"
2020-12-03 18:00:00,"A.S. FERROL","3.373","16","615","2.679","32","7","64.034","28.833","77"
2020-12-03 18:00:00,"A.S. LUGO, A MARIÑA E MONFORTE","6.382","32","858","5.397","26","2","105.746","72.394","126"
2020-12-03 18:00:00,"A.S. OURENSE, VERÍN E O BARCO","7.634","22","436","6.903","39","6","117.057","65.080","294"
2020-12-03 18:00:00,"A.S. PONTEVEDRA E O SALNÉS","5.629","26","1.065","4.506","41","9","93.369","43.577","59"
2020-12-03 18:00:00,"A.S. SANTIAGO E BARBANZA","7.991","46","821","7.002","40","4","148.351","87.408","169"
2020-12-03 18:00:00,"A.S. VIGO","10.387","95","1.869","8.297","63","13","190.148","56.239","222"
2020-12-03 18:00:00,"GALICIA","53.533","290","7.136","45.164","347","62","922.426","426.606","1.236"
2020-12-04 18:00:00,"A.S. A CORUÑA E CEE","12.214","68","1.430","10.497","103","22","204.705","73.260","291"
2020-12-04 18:00:00,"A.S. FERROL","3.407","33","596","2.731","29","6","64.424","29.119","78"
2020-12-04 18:00:00,"A.S. LUGO, A MARIÑA E MONFORTE","6.424","39","829","5.464","26","1","106.206","72.531","130"
2020-12-04 18:00:00,"A.S. OURENSE, VERÍN E O BARCO","7.651","13","419","6.937","36","5","117.423","65.171","294"
2020-12-04 18:00:00,"A.S. PONTEVEDRA E O SALNÉS","5.668","38","1.025","4.585","42","9","94.462","43.668","59"
2020-12-04 18:00:00,"A.S. SANTIAGO E BARBANZA","8.052","45","807","7.076","36","6","149.227","87.756","170"
2020-12-04 18:00:00,"A.S. VIGO","10.487","101","1.842","8.422","65","12","191.386","56.291","224"
2020-12-04 18:00:00,"GALICIA","53.903","337","6.948","45.712","337","61","927.833","427.796","1.246"
2020-12-05 18:00:00,"A.S. A CORUÑA E CEE","12.254","40","1.376","10.591","97","23","205.739","73.340","291"
2020-12-05 18:00:00,"A.S. FERROL","3.430","23","586","2.764","27","8","64.784","29.150","78"
2020-12-05 18:00:00,"A.S. LUGO, A MARIÑA E MONFORTE","6.455","29","788","5.534","31","1","106.669","72.582","132"
2020-12-05 18:00:00,"A.S. OURENSE, VERÍN E O BARCO","7.673","18","402","6.975","37","5","118.177","65.231","295"
2020-12-05 18:00:00,"A.S. PONTEVEDRA E O SALNÉS","5.705","30","990","4.656","42","9","95.314","43.719","60"
2020-12-05 18:00:00,"A.S. SANTIAGO E BARBANZA","8.104","45","784","7.151","43","6","150.645","87.849","170"
2020-12-05 18:00:00,"A.S. VIGO","10.578","92","1.800","8.555","65","12","193.204","56.312","224"
2020-12-05 18:00:00,"GALICIA","54.199","277","6.726","46.226","342","64","934.532","428.183","1.250"
2020-12-06 18:00:00,"A.S. A CORUÑA E CEE","12.307","52","1.349","10.671","98","22","206.505","73.398","291"
2020-12-06 18:00:00,"A.S. FERROL","3.466","36","576","2.810","30","6","65.009","29.240","78"
2020-12-06 18:00:00,"A.S. LUGO, A MARIÑA E MONFORTE","6.484","28","771","5.579","30","1","107.103","72.614","133"
2020-12-06 18:00:00,"A.S. OURENSE, VERÍN E O BARCO","7.696","19","400","6.999","39","5","118.898","65.275","296"
2020-12-06 18:00:00,"A.S. PONTEVEDRA E O SALNÉS","5.738","29","971","4.708","44","9","95.971","43.754","60"
2020-12-06 18:00:00,"A.S. SANTIAGO E BARBANZA","8.151","43","795","7.187","45","6","151.823","87.906","170"
2020-12-06 18:00:00,"A.S. VIGO","10.631","53","1.782","8.621","66","11","194.587","56.337","229"
2020-12-06 18:00:00,"GALICIA","54.473","260","6.644","46.575","352","60","939.896","428.524","1.257"
2020-12-07 18:00:00,"A.S. A CORUÑA E CEE","12.344","26","1.244","10.811","87","17","206.951","73.566","293"
2020-12-07 18:00:00,"A.S. FERROL","3.482","16","552","2.849","29","4","65.342","29.311","79"
2020-12-07 18:00:00,"A.S. LUGO, A MARIÑA E MONFORTE","6.502","16","624","5.741","23","2","107.557","72.701","136"
2020-12-07 18:00:00,"A.S. OURENSE, VERÍN E O BARCO","7.718","20","377","7.044","33","3","119.598","65.354","296"
2020-12-07 18:00:00,"A.S. PONTEVEDRA E O SALNÉS","5.782","41","899","4.822","40","9","96.546","43.847","62"
2020-12-07 18:00:00,"A.S. SANTIAGO E BARBANZA","8.216","54","783","7.264","51","6","153.607","88.087","170"
2020-12-07 18:00:00,"A.S. VIGO","10.691","59","1.517","8.938","59","9","195.913","56.394","237"
2020-12-07 18:00:00,"GALICIA","54.735","232","5.996","47.469","322","50","945.514","429.260","1.273"
2020-12-08 18:00:00,"A.S. A CORUÑA E CEE","12.391","45","1.193","10.909","84","16","208.362","73.636","293"
2020-12-08 18:00:00,"A.S. FERROL","3.533","51","596","2.855","28","4","65.972","29.341","80"
2020-12-08 18:00:00,"A.S. LUGO, A MARIÑA E MONFORTE","6.532","31","606","5.788","27","3","108.268","72.750","137"
2020-12-08 18:00:00,"A.S. OURENSE, VERÍN E O BARCO","7.752","34","377","7.077","33","3","120.257","65.400","297"
2020-12-08 18:00:00,"A.S. PONTEVEDRA E O SALNÉS","5.830","43","871","4.895","41","9","97.341","43.922","65"
2020-12-08 18:00:00,"A.S. SANTIAGO E BARBANZA","8.269","50","785","7.313","52","6","154.486","88.185","172"
2020-12-08 18:00:00,"A.S. VIGO","10.770","75","1.499","9.035","59","10","197.487","56.429","237"
2020-12-08 18:00:00,"GALICIA","55.077","329","5.927","47.872","324","51","952.173","429.663","1.281"
2020-12-09 18:00:00,"A.S. A CORUÑA E CEE","12.434","35","1.146","10.999","76","14","209.050","73.846","293"
2020-12-09 18:00:00,"A.S. FERROL","3.557","25","596","2.878","27","3","66.283","29.384","81"
2020-12-09 18:00:00,"A.S. LUGO, A MARIÑA E MONFORTE","6.552","16","591","5.823","27","4","109.134","72.849","137"
2020-12-09 18:00:00,"A.S. OURENSE, VERÍN E O BARCO","7.783","30","364","7.118","34","3","121.180","65.480","300"
2020-12-09 18:00:00,"A.S. PONTEVEDRA E O SALNÉS","5.869","34","856","4.948","42","9","97.911","44.010","67"
2020-12-09 18:00:00,"A.S. SANTIAGO E BARBANZA","8.346","65","817","7.358","53","6","156.448","88.354","172"
2020-12-09 18:00:00,"A.S. VIGO","10.822","50","1.425","9.161","62","11","200.137","56.504","237"
2020-12-09 18:00:00,"GALICIA","55.363","255","5.795","48.285","321","50","960.143","430.427","1.287"
2020-12-10 18:00:00,"A.S. A CORUÑA E CEE","12.477","34","1.093","11.095","78","13","210.400","74.050","293"
2020-12-10 18:00:00,"A.S. FERROL","3.580","21","573","2.924","28","3","66.878","29.423","81"
2020-12-10 18:00:00,"A.S. LUGO, A MARIÑA E MONFORTE","6.577","25","571","5.866","23","4","110.098","72.957","139"
2020-12-10 18:00:00,"A.S. OURENSE, VERÍN E O BARCO","7.820","32","383","7.136","26","2","122.070","65.621","300"
2020-12-10 18:00:00,"A.S. PONTEVEDRA E O SALNÉS","5.906","39","839","5.001","42","10","98.762","44.099","68"
2020-12-10 18:00:00,"A.S. SANTIAGO E BARBANZA","8.412","47","824","7.416","52","7","157.288","88.546","173"
2020-12-10 18:00:00,"A.S. VIGO","10.949","126","1.401","9.310","60","12","202.118","56.587","239"
2020-12-10 18:00:00,"GALICIA","55.721","324","5.684","48.748","309","51","967.614","431.283","1.293"
2020-12-11 18:00:00,"A.S. A CORUÑA E CEE","12.528","43","1.017","11.219","74","13","211.869","74.253","296"
2020-12-11 18:00:00,"A.S. FERROL","3.611","28","547","2.981","29","4","67.485","29.469","81"
2020-12-11 18:00:00,"A.S. LUGO, A MARIÑA E MONFORTE","6.596","18","545","5.911","25","4","111.111","73.078","139"
2020-12-11 18:00:00,"A.S. OURENSE, VERÍN E O BARCO","7.851","30","403","7.145","30","2","122.626","65.754","301"
2020-12-11 18:00:00,"A.S. PONTEVEDRA E O SALNÉS","5.970","58","851","5.052","39","9","99.820","44.231","69"
2020-12-11 18:00:00,"A.S. SANTIAGO E BARBANZA","8.503","72","852","7.479","50","11","158.434","88.803","174"
2020-12-11 18:00:00,"A.S. VIGO","11.002","52","1.315","9.445","51","11","203.922","56.659","243"
2020-12-11 18:00:00,"GALICIA","56.061","301","5.530","49.232","298","54","975.267","432.247","1.303"
2020-12-12 18:00:00,"A.S. A CORUÑA E CEE","12.570","41","993","11.285","74","13","213.048","74.334","296"
2020-12-12 18:00:00,"A.S. FERROL","3.637","26","533","3.020","28","4","68.004","29.495","82"
2020-12-12 18:00:00,"A.S. LUGO, A MARIÑA E MONFORTE","6.619","24","498","5.981","22","4","112.035","73.124","139"
2020-12-12 18:00:00,"A.S. OURENSE, VERÍN E O BARCO","7.899","48","424","7.172","32","2","123.121","65.812","301"
2020-12-12 18:00:00,"A.S. PONTEVEDRA E O SALNÉS","6.038","63","851","5.119","38","8","100.802","44.296","70"
2020-12-12 18:00:00,"A.S. SANTIAGO E BARBANZA","8.599","73","905","7.522","56","10","159.813","88.948","174"
2020-12-12 18:00:00,"A.S. VIGO","11.095","98","1.317","9.535","47","11","206.339","56.690","244"
2020-12-12 18:00:00,"GALICIA","56.457","373","5.521","49.634","297","52","983.162","432.699","1.306"
2020-12-13 18:00:00,"A.S. A CORUÑA E CEE","12.635","61","955","11.386","75","13","213.772","74.419","298"
2020-12-13 18:00:00,"A.S. FERROL","3.686","48","563","3.037","30","4","69.010","29.513","84"
2020-12-13 18:00:00,"A.S. LUGO, A MARIÑA E MONFORTE","6.639","18","486","6.013","21","6","113.015","73.167","139"
2020-12-13 18:00:00,"A.S. OURENSE, VERÍN E O BARCO","7.940","36","452","7.184","36","1","123.699","65.876","302"
2020-12-13 18:00:00,"A.S. PONTEVEDRA E O SALNÉS","6.090","43","848","5.174","42","8","101.325","44.389","70"
2020-12-13 18:00:00,"A.S. SANTIAGO E BARBANZA","8.687","70","952","7.563","62","11","161.945","89.063","174"
2020-12-13 18:00:00,"A.S. VIGO","11.151","47","1.304","9.603","44","12","208.436","56.728","245"
2020-12-13 18:00:00,"GALICIA","56.828","323","5.560","49.960","310","55","991.202","433.155","1.312"
2020-12-14 18:00:00,"A.S. A CORUÑA E CEE","12.656","17","929","11.431","72","14","214.113","74.593","300"
2020-12-14 18:00:00,"A.S. FERROL","3.704","18","562","3.056","30","5","69.859","29.565","84"
2020-12-14 18:00:00,"A.S. LUGO, A MARIÑA E MONFORTE","6.652","10","470","6.041","20","6","113.810","73.279","140"
2020-12-14 18:00:00,"A.S. OURENSE, VERÍN E O BARCO","7.952","9","436","7.211","38","1","124.836","65.958","303"
2020-12-14 18:00:00,"A.S. PONTEVEDRA E O SALNÉS","6.172","70","867","5.237","44","8","102.136","44.510","71"
2020-12-14 18:00:00,"A.S. SANTIAGO E BARBANZA","8.765","56","1.005","7.587","67","8","163.782","89.305","175"
2020-12-14 18:00:00,"A.S. VIGO","11.201","47","1.329","9.627","48","14","210.698","56.818","246"
2020-12-14 18:00:00,"GALICIA","57.102","227","5.598","50.190","319","56","999.234","434.028","1.319"
2020-12-15 18:00:00,"A.S. A CORUÑA E CEE","12.701","40","907","11.497","63","13","215.114","74.812","301"
2020-12-15 18:00:00,"A.S. FERROL","3.738","32","570","3.082","30","4","70.459","29.598","84"
2020-12-15 18:00:00,"A.S. LUGO, A MARIÑA E MONFORTE","6.685","34","462","6.082","18","6","114.614","73.395","140"
2020-12-15 18:00:00,"A.S. OURENSE, VERÍN E O BARCO","7.980","28","448","7.227","35","2","125.798","66.077","303"
2020-12-15 18:00:00,"A.S. PONTEVEDRA E O SALNÉS","6.217","29","869","5.279","44","8","102.889","44.661","72"
2020-12-15 18:00:00,"A.S. SANTIAGO E BARBANZA","8.883","101","1.054","7.656","64","7","166.335","89.538","175"
2020-12-15 18:00:00,"A.S. VIGO","11.322","116","1.343","9.732","47","13","213.051","56.933","248"
2020-12-15 18:00:00,"GALICIA","57.526","380","5.653","50.555","301","53","1.008.260","435.014","1.323"
2020-12-16 18:00:00,"A.S. A CORUÑA E CEE","12.762","53","899","11.564","69","12","215.987","75.008","303"
2020-12-16 18:00:00,"A.S. FERROL","3.754","15","555","3.113","28","4","70.950","29.632","84"
2020-12-16 18:00:00,"A.S. LUGO, A MARIÑA E MONFORTE","6.708","15","433","6.133","18","5","115.604","73.515","141"
2020-12-16 18:00:00,"A.S. OURENSE, VERÍN E O BARCO","8.021","42","458","7.259","36","1","126.461","66.187","303"
2020-12-16 18:00:00,"A.S. PONTEVEDRA E O SALNÉS","6.278","49","865","5.344","44","9","103.782","44.782","72"
2020-12-16 18:00:00,"A.S. SANTIAGO E BARBANZA","8.993","91","1.100","7.719","62","6","168.336","89.774","175"
2020-12-16 18:00:00,"A.S. VIGO","11.417","92","1.308","9.861","45","13","215.719","57.026","249"
2020-12-16 18:00:00,"GALICIA","57.933","357","5.618","50.993","302","50","1.016.839","435.924","1.327"
2020-12-17 18:00:00,"A.S. A CORUÑA E CEE","12.806","46","861","11.644","64","14","216.767","75.203","305"
2020-12-17 18:00:00,"A.S. FERROL","3.783","29","556","3.141","30","5","71.398","29.675","84"
2020-12-17 18:00:00,"A.S. LUGO, A MARIÑA E MONFORTE","6.721","7","401","6.177","17","6","116.220","73.640","141"
2020-12-17 18:00:00,"A.S. OURENSE, VERÍN E O BARCO","8.072","49","480","7.287","36","2","127.095","66.330","304"
2020-12-17 18:00:00,"A.S. PONTEVEDRA E O SALNÉS","6.350","62","897","5.384","46","9","104.598","44.951","72"
2020-12-17 18:00:00,"A.S. SANTIAGO E BARBANZA","9.097","84","1.144","7.779","63","6","169.789","90.000","176"
2020-12-17 18:00:00,"A.S. VIGO","11.512","90","1.302","9.961","53","13","217.358","57.120","250"
2020-12-17 18:00:00,"GALICIA","58.341","367","5.641","51.373","309","55","1.023.225","436.919","1.332"
2020-12-18 18:00:00,"A.S. A CORUÑA E CEE","12.883","69","870","11.712","58","14","218.024","75.419","305"
2020-12-18 18:00:00,"A.S. FERROL","3.793","9","534","3.173","31","6","71.661","29.755","84"
2020-12-18 18:00:00,"A.S. LUGO, A MARIÑA E MONFORTE","6.752","32","404","6.205","12","7","116.998","73.772","141"
2020-12-18 18:00:00,"A.S. OURENSE, VERÍN E O BARCO","8.095","18","478","7.310","32","3","127.827","66.445","306"
2020-12-18 18:00:00,"A.S. PONTEVEDRA E O SALNÉS","6.414","62","925","5.419","37","8","105.534","45.080","73"
2020-12-18 18:00:00,"A.S. SANTIAGO E BARBANZA","9.198","74","1.195","7.829","66","6","171.809","90.232","176"
2020-12-18 18:00:00,"A.S. VIGO","11.595","75","1.247","10.098","45","12","219.144","57.230","251"
2020-12-18 18:00:00,"GALICIA","58.730","339","5.653","51.746","281","56","1.030.997","437.933","1.336"
2020-12-19 18:00:00,"A.S. A CORUÑA E CEE","12.950","64","887","11.762","59","14","218.913","75.492","305"
2020-12-19 18:00:00,"A.S. FERROL","3.804","12","486","3.232","29","5","72.008","29.777","84"
2020-12-19 18:00:00,"A.S. LUGO, A MARIÑA E MONFORTE","6.781","26","371","6.267","13","6","117.917","73.856","141"
2020-12-19 18:00:00,"A.S. OURENSE, VERÍN E O BARCO","8.110","13","470","7.333","32","3","128.731","66.496","306"
2020-12-19 18:00:00,"A.S. PONTEVEDRA E O SALNÉS","6.472","57","936","5.464","40","8","106.253","45.157","75"
2020-12-19 18:00:00,"A.S. SANTIAGO E BARBANZA","9.279","77","1.216","7.889","73","5","173.432","90.351","176"
2020-12-19 18:00:00,"A.S. VIGO","11.671","79","1.243","10.178","47","12","221.745","57.288","251"
2020-12-19 18:00:00,"GALICIA","59.067","328","5.609","52.125","293","53","1.038.999","438.417","1.338"
2020-12-20 18:00:00,"A.S. A CORUÑA E CEE","13.003","46","882","11.820","60","14","219.933","75.586","305"
2020-12-20 18:00:00,"A.S. FERROL","3.817","13","458","3.273","30","4","72.321","29.805","84"
2020-12-20 18:00:00,"A.S. LUGO, A MARIÑA E MONFORTE","6.798","17","369","6.286","14","6","118.424","73.917","141"
2020-12-20 18:00:00,"A.S. OURENSE, VERÍN E O BARCO","8.154","42","489","7.357","30","4","129.829","66.545","307"
2020-12-20 18:00:00,"A.S. PONTEVEDRA E O SALNÉS","6.498","21","917","5.508","42","7","106.722","45.218","76"
2020-12-20 18:00:00,"A.S. SANTIAGO E BARBANZA","9.343","61","1.235","7.933","76","6","175.129","90.451","177"
2020-12-20 18:00:00,"A.S. VIGO","11.740","68","1.246","10.244","49","12","223.498","57.335","251"
2020-12-20 18:00:00,"GALICIA","59.353","268","5.596","52.421","301","53","1.045.856","438.857","1.341"
2020-12-21 18:00:00,"A.S. A CORUÑA E CEE","13.026","10","866","11.859","63","15","220.477","75.831","305"
2020-12-21 18:00:00,"A.S. FERROL","3.829","12","446","3.296","33","4","72.601","29.871","85"
2020-12-21 18:00:00,"A.S. LUGO, A MARIÑA E MONFORTE","6.815","14","360","6.310","14","4","118.742","74.027","143"
2020-12-21 18:00:00,"A.S. OURENSE, VERÍN E O BARCO","8.205","44","519","7.378","30","4","130.702","66.687","307"
2020-12-21 18:00:00,"A.S. PONTEVEDRA E O SALNÉS","6.543","39","922","5.548","42","8","107.331","45.357","76"
2020-12-21 18:00:00,"A.S. SANTIAGO E BARBANZA","9.398","42","1.248","7.975","73","7","176.863","90.648","177"
2020-12-21 18:00:00,"A.S. VIGO","11.786","41","1.242","10.292","51","9","225.997","57.462","253"
2020-12-21 18:00:00,"GALICIA","59.602","202","5.603","52.658","306","51","1.052.713","439.883","1.346"
2020-12-22 18:00:00,"A.S. A CORUÑA E CEE","13.090","68","880","11.909","56","15","222.182","76.028","305"
2020-12-22 18:00:00,"A.S. FERROL","3.846","15","426","3.333","30","3","73.442","29.928","85"
2020-12-22 18:00:00,"A.S. LUGO, A MARIÑA E MONFORTE","6.841","26","356","6.339","9","4","119.586","74.133","144"
2020-12-22 18:00:00,"A.S. OURENSE, VERÍN E O BARCO","8.232","22","506","7.418","24","4","131.359","66.797","307"
2020-12-22 18:00:00,"A.S. PONTEVEDRA E O SALNÉS","6.579","25","911","5.595","42","6","108.212","45.477","76"
2020-12-22 18:00:00,"A.S. SANTIAGO E BARBANZA","9.478","61","1.270","8.031","76","5","178.364","90.898","179"
2020-12-22 18:00:00,"A.S. VIGO","11.878","82","1.216","10.409","56","11","228.944","57.574","254"
2020-12-22 18:00:00,"GALICIA","59.944","299","5.565","53.034","293","48","1.062.089","440.835","1.350"
2020-12-23 18:00:00,"A.S. A CORUÑA E CEE","13.150","41","878","11.971","55","17","224.846","76.244","305"
2020-12-23 18:00:00,"A.S. FERROL","3.866","18","395","3.384","30","2","74.153","29.966","85"
2020-12-23 18:00:00,"A.S. LUGO, A MARIÑA E MONFORTE","6.876","34","370","6.360","10","3","120.792","74.228","144"
2020-12-23 18:00:00,"A.S. OURENSE, VERÍN E O BARCO","8.277","34","522","7.446","27","4","132.051","66.920","308"
2020-12-23 18:00:00,"A.S. PONTEVEDRA E O SALNÉS","6.639","53","904","5.662","40","8","109.184","45.607","76"
2020-12-23 18:00:00,"A.S. SANTIAGO E BARBANZA","9.592","103","1.321","8.094","70","6","179.948","91.144","179"
2020-12-23 18:00:00,"A.S. VIGO","11.995","111","1.265","10.474","54","11","231.728","57.688","257"
2020-12-23 18:00:00,"GALICIA","60.395","394","5.655","53.391","286","51","1.072.702","441.797","1.354"
2020-12-24 18:00:00,"A.S. A CORUÑA E CEE","13.217","64","899","12.017","56","18","227.089","76.462","305"
2020-12-24 18:00:00,"A.S. FERROL","3.888","20","398","3.403","29","1","74.785","30.005","85"
2020-12-24 18:00:00,"A.S. LUGO, A MARIÑA E MONFORTE","6.904","23","382","6.376","10","3","121.740","74.356","144"
2020-12-24 18:00:00,"A.S. OURENSE, VERÍN E O BARCO","8.329","38","551","7.469","18","4","132.831","67.077","308"
2020-12-24 18:00:00,"A.S. PONTEVEDRA E O SALNÉS","6.697","49","922","5.702","39","9","110.201","45.722","76"
2020-12-24 18:00:00,"A.S. SANTIAGO E BARBANZA","9.670","63","1.323","8.170","63","7","182.331","91.366","179"
2020-12-24 18:00:00,"A.S. VIGO","12.060","52","1.279","10.525","50","12","233.697","57.808","257"
2020-12-24 18:00:00,"GALICIA","60.765","309","5.754","53.662","265","54","1.082.674","442.796","1.354"
2020-12-25 18:00:00,"A.S. A CORUÑA E CEE","13.276","61","901","12.072","56","17","228.245","76.537","307"
2020-12-25 18:00:00,"A.S. FERROL","3.900","12","382","3.429","26","2","75.272","30.026","87"
2020-12-25 18:00:00,"A.S. LUGO, A MARIÑA E MONFORTE","6.939","33","381","6.412","10","4","122.144","74.395","144"
2020-12-25 18:00:00,"A.S. OURENSE, VERÍN E O BARCO","8.371","39","558","7.504","20","3","133.368","67.117","308"
2020-12-25 18:00:00,"A.S. PONTEVEDRA E O SALNÉS","6.736","38","907","5.755","45","9","110.689","45.786","77"
2020-12-25 18:00:00,"A.S. SANTIAGO E BARBANZA","9.769","96","1.355","8.234","65","7","184.272","91.457","182"
2020-12-25 18:00:00,"A.S. VIGO","12.148","94","1.232","10.659","51","13","234.881","57.852","258"
2020-12-25 18:00:00,"GALICIA","61.139","373","5.716","54.065","273","55","1.088.871","443.170","1.363"
2020-12-26 18:00:00,"A.S. A CORUÑA E CEE","13.312","32","873","12.136","61","18","228.586","76.600","307"
2020-12-26 18:00:00,"A.S. FERROL","3.909","8","348","3.472","25","3","75.538","30.043","87"
2020-12-26 18:00:00,"A.S. LUGO, A MARIÑA E MONFORTE","6.950","7","374","6.429","9","4","122.460","74.455","145"
2020-12-26 18:00:00,"A.S. OURENSE, VERÍN E O BARCO","8.387","13","540","7.538","19","4","133.619","67.183","308"
2020-12-26 18:00:00,"A.S. PONTEVEDRA E O SALNÉS","6.782","47","896","5.812","45","11","111.195","45.839","77"
2020-12-26 18:00:00,"A.S. SANTIAGO E BARBANZA","9.848","68","1.352","8.314","69","7","184.920","91.549","184"
2020-12-26 18:00:00,"A.S. VIGO","12.187","38","1.226","10.701","50","11","235.406","57.919","261"
2020-12-26 18:00:00,"GALICIA","61.375","213","5.609","54.402","278","58","1.091.724","443.588","1.369"
2020-12-27 18:00:00,"A.S. A CORUÑA E CEE","13.360","50","860","12.197","66","17","229.720","76.680","307"
2020-12-27 18:00:00,"A.S. FERROL","3.925","14","336","3.500","24","4","75.919","30.082","87"
2020-12-27 18:00:00,"A.S. LUGO, A MARIÑA E MONFORTE","6.993","41","397","6.449","11","3","123.071","74.519","145"
2020-12-27 18:00:00,"A.S. OURENSE, VERÍN E O BARCO","8.408","18","525","7.574","22","4","134.040","67.234","308"
2020-12-27 18:00:00,"A.S. PONTEVEDRA E O SALNÉS","6.819","33","866","5.879","50","11","111.937","45.905","77"
2020-12-27 18:00:00,"A.S. SANTIAGO E BARBANZA","9.924","70","1.347","8.395","71","7","185.800","91.655","184"
2020-12-27 18:00:00,"A.S. VIGO","12.239","51","1.177","10.801","51","12","236.261","57.983","262"
2020-12-27 18:00:00,"GALICIA","61.668","277","5.508","54.795","295","58","1.096.748","444.058","1.370"
2020-12-28 18:00:00,"A.S. A CORUÑA E CEE","13.414","42","884","12.223","71","18","230.377","76.850","311"
2020-12-28 18:00:00,"A.S. FERROL","3.954","30","337","3.527","27","4","76.156","30.134","88"
2020-12-28 18:00:00,"A.S. LUGO, A MARIÑA E MONFORTE","7.009","13","397","6.465","10","3","123.460","74.626","145"
2020-12-28 18:00:00,"A.S. OURENSE, VERÍN E O BARCO","8.435","20","525","7.601","21","4","134.691","67.336","308"
2020-12-28 18:00:00,"A.S. PONTEVEDRA E O SALNÉS","6.858","32","852","5.932","44","10","112.437","46.011","77"
2020-12-28 18:00:00,"A.S. SANTIAGO E BARBANZA","9.996","54","1.336","8.474","74","5","186.535","91.849","188"
2020-12-28 18:00:00,"A.S. VIGO","12.316","70","1.192","10.862","44","12","236.973","58.090","263"
2020-12-28 18:00:00,"GALICIA","61.982","261","5.523","55.084","291","56","1.100.629","444.896","1.380"
2020-12-29 18:00:00,"A.S. A CORUÑA E CEE","13.535","118","956","12.272","71","18","231.633","77.039","311"
2020-12-29 18:00:00,"A.S. FERROL","3.969","13","327","3.551","31","3","76.468","30.177","89"
2020-12-29 18:00:00,"A.S. LUGO, A MARIÑA E MONFORTE","7.059","50","430","6.482","12","2","124.244","74.737","145"
2020-12-29 18:00:00,"A.S. OURENSE, VERÍN E O BARCO","8.484","36","545","7.630","22","3","135.342","67.470","308"
2020-12-29 18:00:00,"A.S. PONTEVEDRA E O SALNÉS","6.911","48","821","6.016","41","11","113.362","46.138","77"
2020-12-29 18:00:00,"A.S. SANTIAGO E BARBANZA","10.117","103","1.373","8.557","65","7","187.694","92.122","189"
2020-12-29 18:00:00,"A.S. VIGO","12.391","73","1.173","10.952","40","11","238.334","58.197","267"
2020-12-29 18:00:00,"GALICIA","62.466","441","5.625","55.460","282","55","1.107.077","445.880","1.386"
2020-12-30 18:00:00,"A.S. A CORUÑA E CEE","13.669","115","1.029","12.333","70","19","233.058","77.228","311"
2020-12-30 18:00:00,"A.S. FERROL","3.993","26","312","3.589","33","3","76.840","30.208","90"
2020-12-30 18:00:00,"A.S. LUGO, A MARIÑA E MONFORTE","7.108","45","444","6.517","16","2","125.028","74.843","145"
2020-12-30 18:00:00,"A.S. OURENSE, VERÍN E O BARCO","8.553","60","573","7.671","24","3","135.753","67.695","308"
2020-12-30 18:00:00,"A.S. PONTEVEDRA E O SALNÉS","6.941","25","816","6.050","42","10","114.435","46.229","78"
2020-12-30 18:00:00,"A.S. SANTIAGO E BARBANZA","10.232","89","1.369","8.674","69","7","188.719","92.370","191"
2020-12-30 18:00:00,"A.S. VIGO","12.482","78","1.137","11.076","42","11","239.822","58.318","270"
2020-12-30 18:00:00,"GALICIA","62.978","438","5.680","55.910","296","55","1.113.655","446.891","1.393"
