Fecha,Area_Sanitaria,Casos_Abiertos,Pruebas_PCR_Realizadas,Porcentaje_Infecciones
2020-02-14,"A.S. PONTEVEDRA E O SALNÉS","0","1","0%"
2020-02-14,"GALICIA","0","1","0%"
2020-02-17,"A.S. VIGO","0","2","0%"
2020-02-17,"GALICIA","0","2","0%"
2020-02-21,"A.S. VIGO","0","4","0%"
2020-02-21,"GALICIA","0","4","0%"
2020-02-24,"A.S. A CORUÑA E CEE","0","3","0%"
2020-02-24,"A.S. VIGO","0","2","0%"
2020-02-24,"GALICIA","0","5","0%"
2020-02-25,"A.S. A CORUÑA E CEE","0","2","0%"
2020-02-25,"A.S. VIGO","0","1","0%"
2020-02-25,"GALICIA","0","3","0%"
2020-02-26,"A.S. A CORUÑA E CEE","0","9","0%"
2020-02-26,"A.S. OURENSE, VERÍN E O BARCO","0","4","0%"
2020-02-26,"A.S. VIGO","0","5","0%"
2020-02-26,"GALICIA","0","18","0%"
2020-02-27,"A.S. A CORUÑA E CEE","0","8","0%"
2020-02-27,"A.S. LUGO, A MARIÑA E MONFORTE","0","3","0%"
2020-02-27,"A.S. OURENSE, VERÍN E O BARCO","0","2","0%"
2020-02-27,"A.S. VIGO","0","8","0%"
2020-02-27,"GALICIA","0","21","0%"
2020-02-28,"A.S. A CORUÑA E CEE","0","3","0%"
2020-02-28,"A.S. LUGO, A MARIÑA E MONFORTE","0","1","0%"
2020-02-28,"A.S. PONTEVEDRA E O SALNÉS","0","4","0%"
2020-02-28,"A.S. SANTIAGO E BARBANZA","0","2","0%"
2020-02-28,"A.S. VIGO","0","10","0%"
2020-02-28,"GALICIA","0","20","0%"
2020-02-29,"A.S. A CORUÑA E CEE","0","2","0%"
2020-02-29,"A.S. OURENSE, VERÍN E O BARCO","0","1","0%"
2020-02-29,"A.S. PONTEVEDRA E O SALNÉS","0","1","0%"
2020-02-29,"A.S. SANTIAGO E BARBANZA","0","3","0%"
2020-02-29,"A.S. VIGO","0","9","0%"
2020-02-29,"GALICIA","0","16","0%"
2020-03-01,"A.S. SANTIAGO E BARBANZA","0","1","0%"
2020-03-01,"A.S. VIGO","0","4","0%"
2020-03-01,"GALICIA","0","5","0%"
2020-03-02,"A.S. A CORUÑA E CEE","0","5","0%"
2020-03-02,"A.S. OURENSE, VERÍN E O BARCO","0","1","0%"
2020-03-02,"A.S. PONTEVEDRA E O SALNÉS","0","1","0%"
2020-03-02,"A.S. SANTIAGO E BARBANZA","0","2","0%"
2020-03-02,"A.S. VIGO","0","1","0%"
2020-03-02,"GALICIA","0","10","0%"
2020-03-03,"A.S. A CORUÑA E CEE","0","10","0%"
2020-03-03,"A.S. FERROL","0","3","0%"
2020-03-03,"A.S. LUGO, A MARIÑA E MONFORTE","0","2","0%"
2020-03-03,"A.S. PONTEVEDRA E O SALNÉS","0","1","0%"
2020-03-03,"A.S. SANTIAGO E BARBANZA","0","2","0%"
2020-03-03,"A.S. VIGO","0","11","0%"
2020-03-03,"GALICIA","0","29","0%"
2020-03-04,"A.S. A CORUÑA E CEE","0","10","0%"
2020-03-04,"A.S. FERROL","0","1","0%"
2020-03-04,"A.S. OURENSE, VERÍN E O BARCO","0","4","0%"
2020-03-04,"A.S. PONTEVEDRA E O SALNÉS","0","2","0%"
2020-03-04,"A.S. SANTIAGO E BARBANZA","0","4","0%"
2020-03-04,"A.S. VIGO","0","8","0%"
2020-03-04,"GALICIA","0","29","0%"
2020-03-05,"A.S. A CORUÑA E CEE","0","5","0%"
2020-03-05,"A.S. LUGO, A MARIÑA E MONFORTE","0","4","0%"
2020-03-05,"A.S. OURENSE, VERÍN E O BARCO","0","1","0%"
2020-03-05,"A.S. PONTEVEDRA E O SALNÉS","0","3","0%"
2020-03-05,"A.S. SANTIAGO E BARBANZA","0","1","0%"
2020-03-05,"A.S. VIGO","0","15","0%"
2020-03-05,"GALICIA","0","29","0%"
2020-03-06,"A.S. A CORUÑA E CEE","0","10","0%"
2020-03-06,"A.S. FERROL","0","3","0%"
2020-03-06,"A.S. LUGO, A MARIÑA E MONFORTE","0","2","0%"
2020-03-06,"A.S. OURENSE, VERÍN E O BARCO","0","6","0%"
2020-03-06,"A.S. PONTEVEDRA E O SALNÉS","0","3","0%"
2020-03-06,"A.S. SANTIAGO E BARBANZA","0","5","0%"
2020-03-06,"A.S. VIGO","4","22","18,18%"
2020-03-06,"GALICIA","4","51","7,84%"
2020-03-07,"A.S. A CORUÑA E CEE","0","4","0%"
2020-03-07,"A.S. LUGO, A MARIÑA E MONFORTE","0","2","0%"
2020-03-07,"A.S. OURENSE, VERÍN E O BARCO","0","5","0%"
2020-03-07,"A.S. PONTEVEDRA E O SALNÉS","0","1","0%"
2020-03-07,"A.S. SANTIAGO E BARBANZA","0","6","0%"
2020-03-07,"A.S. VIGO","0","17","0%"
2020-03-07,"GALICIA","0","35","0%"
2020-03-08,"A.S. A CORUÑA E CEE","5","16","31,25%"
2020-03-08,"A.S. OURENSE, VERÍN E O BARCO","0","2","0%"
2020-03-08,"A.S. PONTEVEDRA E O SALNÉS","0","1","0%"
2020-03-08,"A.S. SANTIAGO E BARBANZA","0","3","0%"
2020-03-08,"A.S. VIGO","0","8","0%"
2020-03-08,"GALICIA","5","30","16,67%"
2020-03-09,"A.S. A CORUÑA E CEE","0","24","0%"
2020-03-09,"A.S. FERROL","1","3","33,33%"
2020-03-09,"A.S. LUGO, A MARIÑA E MONFORTE","0","3","0%"
2020-03-09,"A.S. OURENSE, VERÍN E O BARCO","0","2","0%"
2020-03-09,"A.S. PONTEVEDRA E O SALNÉS","0","3","0%"
2020-03-09,"A.S. SANTIAGO E BARBANZA","0","4","0%"
2020-03-09,"A.S. VIGO","0","24","0%"
2020-03-09,"GALICIA","1","63","1,59%"
2020-03-10,"A.S. A CORUÑA E CEE","0","23","0%"
2020-03-10,"A.S. FERROL","0","2","0%"
2020-03-10,"A.S. LUGO, A MARIÑA E MONFORTE","0","4","0%"
2020-03-10,"A.S. OURENSE, VERÍN E O BARCO","0","2","0%"
2020-03-10,"A.S. PONTEVEDRA E O SALNÉS","1","7","14,29%"
2020-03-10,"A.S. SANTIAGO E BARBANZA","1","9","11,11%"
2020-03-10,"A.S. VIGO","0","29","0%"
2020-03-10,"GALICIA","2","76","2,63%"
2020-03-11,"A.S. A CORUÑA E CEE","19","46","41,3%"
2020-03-11,"A.S. FERROL","0","8","0%"
2020-03-11,"A.S. LUGO, A MARIÑA E MONFORTE","1","17","5,88%"
2020-03-11,"A.S. OURENSE, VERÍN E O BARCO","0","10","0%"
2020-03-11,"A.S. PONTEVEDRA E O SALNÉS","2","16","12,5%"
2020-03-11,"A.S. SANTIAGO E BARBANZA","0","11","0%"
2020-03-11,"A.S. VIGO","4","26","15,38%"
2020-03-11,"GALICIA","26","134","19,4%"
2020-03-12,"A.S. A CORUÑA E CEE","1","33","3,03%"
2020-03-12,"A.S. FERROL","0","11","0%"
2020-03-12,"A.S. LUGO, A MARIÑA E MONFORTE","3","11","27,27%"
2020-03-12,"A.S. OURENSE, VERÍN E O BARCO","0","11","0%"
2020-03-12,"A.S. PONTEVEDRA E O SALNÉS","4","23","17,39%"
2020-03-12,"A.S. SANTIAGO E BARBANZA","1","22","4,55%"
2020-03-12,"A.S. VIGO","3","55","5,45%"
2020-03-12,"GALICIA","12","166","7,23%"
2020-03-13,"A.S. A CORUÑA E CEE","30","91","32,97%"
2020-03-13,"A.S. FERROL","0","24","0%"
2020-03-13,"A.S. LUGO, A MARIÑA E MONFORTE","4","42","9,52%"
2020-03-13,"A.S. OURENSE, VERÍN E O BARCO","4","23","17,39%"
2020-03-13,"A.S. PONTEVEDRA E O SALNÉS","5","34","14,71%"
2020-03-13,"A.S. SANTIAGO E BARBANZA","8","43","18,6%"
2020-03-13,"A.S. VIGO","13","99","13,13%"
2020-03-13,"GALICIA","64","356","17,98%"
2020-03-14,"A.S. A CORUÑA E CEE","7","86","8,14%"
2020-03-14,"A.S. FERROL","0","11","0%"
2020-03-14,"A.S. LUGO, A MARIÑA E MONFORTE","1","29","3,45%"
2020-03-14,"A.S. OURENSE, VERÍN E O BARCO","9","36","25%"
2020-03-14,"A.S. PONTEVEDRA E O SALNÉS","4","40","10%"
2020-03-14,"A.S. SANTIAGO E BARBANZA","10","53","18,87%"
2020-03-14,"A.S. VIGO","14","79","17,72%"
2020-03-14,"GALICIA","45","334","13,47%"
2020-03-15,"A.S. A CORUÑA E CEE","16","55","29,09%"
2020-03-15,"A.S. FERROL","1","18","5,56%"
2020-03-15,"A.S. LUGO, A MARIÑA E MONFORTE","4","28","14,29%"
2020-03-15,"A.S. OURENSE, VERÍN E O BARCO","10","40","25%"
2020-03-15,"A.S. PONTEVEDRA E O SALNÉS","8","40","20%"
2020-03-15,"A.S. SANTIAGO E BARBANZA","12","63","19,05%"
2020-03-15,"A.S. VIGO","8","71","11,27%"
2020-03-15,"GALICIA","59","315","18,73%"
2020-03-16,"A.S. A CORUÑA E CEE","23","103","22,33%"
2020-03-16,"A.S. FERROL","3","21","14,29%"
2020-03-16,"A.S. LUGO, A MARIÑA E MONFORTE","14","44","31,82%"
2020-03-16,"A.S. OURENSE, VERÍN E O BARCO","4","41","9,76%"
2020-03-16,"A.S. PONTEVEDRA E O SALNÉS","9","62","14,52%"
2020-03-16,"A.S. SANTIAGO E BARBANZA","14","49","28,57%"
2020-03-16,"A.S. VIGO","7","82","8,54%"
2020-03-16,"GALICIA","74","402","18,41%"
2020-03-17,"A.S. A CORUÑA E CEE","37","118","31,36%"
2020-03-17,"A.S. FERROL","5","45","11,11%"
2020-03-17,"A.S. LUGO, A MARIÑA E MONFORTE","7","36","19,44%"
2020-03-17,"A.S. OURENSE, VERÍN E O BARCO","10","44","22,73%"
2020-03-17,"A.S. PONTEVEDRA E O SALNÉS","14","49","28,57%"
2020-03-17,"A.S. SANTIAGO E BARBANZA","11","75","14,67%"
2020-03-17,"A.S. VIGO","23","113","20,35%"
2020-03-17,"GALICIA","107","480","22,29%"
2020-03-18,"A.S. A CORUÑA E CEE","23","107","21,5%"
2020-03-18,"A.S. FERROL","10","47","21,28%"
2020-03-18,"A.S. LUGO, A MARIÑA E MONFORTE","12","61","19,67%"
2020-03-18,"A.S. OURENSE, VERÍN E O BARCO","12","45","26,67%"
2020-03-18,"A.S. PONTEVEDRA E O SALNÉS","26","100","26%"
2020-03-18,"A.S. SANTIAGO E BARBANZA","28","121","23,14%"
2020-03-18,"A.S. VIGO","41","223","18,39%"
2020-03-18,"GALICIA","152","704","21,59%"
2020-03-19,"A.S. A CORUÑA E CEE","31","121","25,62%"
2020-03-19,"A.S. FERROL","4","33","12,12%"
2020-03-19,"A.S. LUGO, A MARIÑA E MONFORTE","6","16","37,5%"
2020-03-19,"A.S. OURENSE, VERÍN E O BARCO","13","61","21,31%"
2020-03-19,"A.S. PONTEVEDRA E O SALNÉS","26","98","26,53%"
2020-03-19,"A.S. SANTIAGO E BARBANZA","15","79","18,99%"
2020-03-19,"A.S. VIGO","34","231","14,72%"
2020-03-19,"GALICIA","129","639","20,19%"
2020-03-20,"A.S. A CORUÑA E CEE","54","203","26,6%"
2020-03-20,"A.S. FERROL","9","42","21,43%"
2020-03-20,"A.S. LUGO, A MARIÑA E MONFORTE","7","45","15,56%"
2020-03-20,"A.S. OURENSE, VERÍN E O BARCO","25","73","34,25%"
2020-03-20,"A.S. PONTEVEDRA E O SALNÉS","26","128","20,31%"
2020-03-20,"A.S. SANTIAGO E BARBANZA","19","128","14,84%"
2020-03-20,"A.S. VIGO","38","241","15,77%"
2020-03-20,"GALICIA","178","860","20,7%"
2020-03-21,"A.S. A CORUÑA E CEE","41","189","21,69%"
2020-03-21,"A.S. FERROL","7","57","12,28%"
2020-03-21,"A.S. LUGO, A MARIÑA E MONFORTE","3","16","18,75%"
2020-03-21,"A.S. OURENSE, VERÍN E O BARCO","36","102","35,29%"
2020-03-21,"A.S. PONTEVEDRA E O SALNÉS","32","144","22,22%"
2020-03-21,"A.S. SANTIAGO E BARBANZA","64","273","23,44%"
2020-03-21,"A.S. VIGO","61","270","22,59%"
2020-03-21,"GALICIA","244","1.051","23,22%"
2020-03-22,"A.S. A CORUÑA E CEE","64","188","34,04%"
2020-03-22,"A.S. FERROL","6","39","15,38%"
2020-03-22,"A.S. LUGO, A MARIÑA E MONFORTE","3","13","23,08%"
2020-03-22,"A.S. OURENSE, VERÍN E O BARCO","22","67","32,84%"
2020-03-22,"A.S. PONTEVEDRA E O SALNÉS","12","76","15,79%"
2020-03-22,"A.S. SANTIAGO E BARBANZA","19","87","21,84%"
2020-03-22,"A.S. VIGO","41","192","21,35%"
2020-03-22,"GALICIA","167","662","25,23%"
2020-03-23,"A.S. A CORUÑA E CEE","54","189","28,57%"
2020-03-23,"A.S. FERROL","3","41","7,32%"
2020-03-23,"A.S. LUGO, A MARIÑA E MONFORTE","40","134","29,85%"
2020-03-23,"A.S. OURENSE, VERÍN E O BARCO","36","126","28,57%"
2020-03-23,"A.S. PONTEVEDRA E O SALNÉS","17","64","26,56%"
2020-03-23,"A.S. SANTIAGO E BARBANZA","58","225","25,78%"
2020-03-23,"A.S. VIGO","41","212","19,34%"
2020-03-23,"GALICIA","249","991","25,13%"
2020-03-24,"A.S. A CORUÑA E CEE","62","245","25,31%"
2020-03-24,"A.S. FERROL","7","27","25,93%"
2020-03-24,"A.S. LUGO, A MARIÑA E MONFORTE","22","92","23,91%"
2020-03-24,"A.S. OURENSE, VERÍN E O BARCO","30","98","30,61%"
2020-03-24,"A.S. PONTEVEDRA E O SALNÉS","29","105","27,62%"
2020-03-24,"A.S. SANTIAGO E BARBANZA","35","181","19,34%"
2020-03-24,"A.S. VIGO","78","281","27,76%"
2020-03-24,"GALICIA","263","1.029","25,56%"
2020-03-25,"A.S. A CORUÑA E CEE","95","263","36,12%"
2020-03-25,"A.S. FERROL","8","37","21,62%"
2020-03-25,"A.S. LUGO, A MARIÑA E MONFORTE","29","162","17,9%"
2020-03-25,"A.S. OURENSE, VERÍN E O BARCO","65","148","43,92%"
2020-03-25,"A.S. PONTEVEDRA E O SALNÉS","32","111","28,83%"
2020-03-25,"A.S. SANTIAGO E BARBANZA","35","152","23,03%"
2020-03-25,"A.S. VIGO","61","215","28,37%"
2020-03-25,"GALICIA","325","1.088","29,87%"
2020-03-26,"A.S. A CORUÑA E CEE","99","411","24,09%"
2020-03-26,"A.S. FERROL","12","71","16,9%"
2020-03-26,"A.S. LUGO, A MARIÑA E MONFORTE","67","229","29,26%"
2020-03-26,"A.S. OURENSE, VERÍN E O BARCO","55","247","22,27%"
2020-03-26,"A.S. PONTEVEDRA E O SALNÉS","32","174","18,39%"
2020-03-26,"A.S. SANTIAGO E BARBANZA","110","388","28,35%"
2020-03-26,"A.S. VIGO","82","350","23,43%"
2020-03-26,"GALICIA","457","1.870","24,44%"
2020-03-27,"A.S. A CORUÑA E CEE","110","560","19,64%"
2020-03-27,"A.S. FERROL","59","239","24,69%"
2020-03-27,"A.S. LUGO, A MARIÑA E MONFORTE","42","276","15,22%"
2020-03-27,"A.S. OURENSE, VERÍN E O BARCO","68","151","45,03%"
2020-03-27,"A.S. PONTEVEDRA E O SALNÉS","43","161","26,71%"
2020-03-27,"A.S. SANTIAGO E BARBANZA","73","334","21,86%"
2020-03-27,"A.S. VIGO","95","358","26,54%"
2020-03-27,"GALICIA","490","2.079","23,57%"
2020-03-28,"A.S. A CORUÑA E CEE","96","395","24,3%"
2020-03-28,"A.S. FERROL","31","85","36,47%"
2020-03-28,"A.S. LUGO, A MARIÑA E MONFORTE","2","80","2,5%"
2020-03-28,"A.S. OURENSE, VERÍN E O BARCO","39","99","39,39%"
2020-03-28,"A.S. PONTEVEDRA E O SALNÉS","27","93","29,03%"
2020-03-28,"A.S. SANTIAGO E BARBANZA","43","220","19,55%"
2020-03-28,"A.S. VIGO","96","438","21,92%"
2020-03-28,"GALICIA","334","1.410","23,69%"
2020-03-29,"A.S. A CORUÑA E CEE","39","154","25,32%"
2020-03-29,"A.S. FERROL","15","110","13,64%"
2020-03-29,"A.S. LUGO, A MARIÑA E MONFORTE","140","290","48,28%"
2020-03-29,"A.S. OURENSE, VERÍN E O BARCO","89","242","36,78%"
2020-03-29,"A.S. PONTEVEDRA E O SALNÉS","34","121","28,1%"
2020-03-29,"A.S. SANTIAGO E BARBANZA","45","179","25,14%"
2020-03-29,"A.S. VIGO","154","432","35,65%"
2020-03-29,"GALICIA","516","1.528","33,77%"
2020-03-30,"A.S. A CORUÑA E CEE","80","331","24,17%"
2020-03-30,"A.S. FERROL","57","233","24,46%"
2020-03-30,"A.S. LUGO, A MARIÑA E MONFORTE","61","173","35,26%"
2020-03-30,"A.S. OURENSE, VERÍN E O BARCO","35","78","44,87%"
2020-03-30,"A.S. PONTEVEDRA E O SALNÉS","10","96","10,42%"
2020-03-30,"A.S. SANTIAGO E BARBANZA","33","197","16,75%"
2020-03-30,"A.S. VIGO","59","369","15,99%"
2020-03-30,"GALICIA","335","1.477","22,68%"
2020-03-31,"A.S. A CORUÑA E CEE","106","421","25,18%"
2020-03-31,"A.S. FERROL","19","86","22,09%"
2020-03-31,"A.S. LUGO, A MARIÑA E MONFORTE","45","171","26,32%"
2020-03-31,"A.S. OURENSE, VERÍN E O BARCO","103","295","34,92%"
2020-03-31,"A.S. PONTEVEDRA E O SALNÉS","16","130","12,31%"
2020-03-31,"A.S. SANTIAGO E BARBANZA","39","204","19,12%"
2020-03-31,"A.S. VIGO","80","477","16,77%"
2020-03-31,"GALICIA","408","1.784","22,87%"
2020-04-01,"A.S. A CORUÑA E CEE","66","389","16,97%"
2020-04-01,"A.S. FERROL","16","120","13,33%"
2020-04-01,"A.S. LUGO, A MARIÑA E MONFORTE","36","229","15,72%"
2020-04-01,"A.S. OURENSE, VERÍN E O BARCO","77","236","32,63%"
2020-04-01,"A.S. PONTEVEDRA E O SALNÉS","29","271","10,7%"
2020-04-01,"A.S. SANTIAGO E BARBANZA","46","249","18,47%"
2020-04-01,"A.S. VIGO","45","576","7,81%"
2020-04-01,"GALICIA","315","2.070","15,22%"
2020-04-02,"A.S. A CORUÑA E CEE","44","348","12,64%"
2020-04-02,"A.S. FERROL","22","186","11,83%"
2020-04-02,"A.S. LUGO, A MARIÑA E MONFORTE","28","272","10,29%"
2020-04-02,"A.S. OURENSE, VERÍN E O BARCO","186","410","45,37%"
2020-04-02,"A.S. PONTEVEDRA E O SALNÉS","33","293","11,26%"
2020-04-02,"A.S. SANTIAGO E BARBANZA","42","235","17,87%"
2020-04-02,"A.S. VIGO","45","286","15,73%"
2020-04-02,"GALICIA","400","2.030","19,7%"
2020-04-03,"A.S. A CORUÑA E CEE","59","346","17,05%"
2020-04-03,"A.S. FERROL","29","232","12,5%"
2020-04-03,"A.S. LUGO, A MARIÑA E MONFORTE","23","273","8,42%"
2020-04-03,"A.S. OURENSE, VERÍN E O BARCO","83","275","30,18%"
2020-04-03,"A.S. PONTEVEDRA E O SALNÉS","25","262","9,54%"
2020-04-03,"A.S. SANTIAGO E BARBANZA","61","456","13,38%"
2020-04-03,"A.S. VIGO","32","464","6,9%"
2020-04-03,"GALICIA","312","2.308","13,52%"
2020-04-04,"A.S. A CORUÑA E CEE","41","384","10,68%"
2020-04-04,"A.S. FERROL","14","193","7,25%"
2020-04-04,"A.S. LUGO, A MARIÑA E MONFORTE","5","304","1,64%"
2020-04-04,"A.S. OURENSE, VERÍN E O BARCO","66","264","25%"
2020-04-04,"A.S. PONTEVEDRA E O SALNÉS","22","203","10,84%"
2020-04-04,"A.S. SANTIAGO E BARBANZA","80","547","14,63%"
2020-04-04,"A.S. VIGO","25","187","13,37%"
2020-04-04,"GALICIA","253","2.082","12,15%"
2020-04-05,"A.S. A CORUÑA E CEE","53","433","12,24%"
2020-04-05,"A.S. FERROL","3","38","7,89%"
2020-04-05,"A.S. LUGO, A MARIÑA E MONFORTE","14","330","4,24%"
2020-04-05,"A.S. OURENSE, VERÍN E O BARCO","42","205","20,49%"
2020-04-05,"A.S. PONTEVEDRA E O SALNÉS","14","139","10,07%"
2020-04-05,"A.S. SANTIAGO E BARBANZA","40","371","10,78%"
2020-04-05,"A.S. VIGO","30","299","10,03%"
2020-04-05,"GALICIA","196","1.815","10,8%"
2020-04-06,"A.S. A CORUÑA E CEE","77","515","14,95%"
2020-04-06,"A.S. FERROL","12","233","5,15%"
2020-04-06,"A.S. LUGO, A MARIÑA E MONFORTE","16","415","3,86%"
2020-04-06,"A.S. OURENSE, VERÍN E O BARCO","16","246","6,5%"
2020-04-06,"A.S. PONTEVEDRA E O SALNÉS","7","170","4,12%"
2020-04-06,"A.S. SANTIAGO E BARBANZA","22","142","15,49%"
2020-04-06,"A.S. VIGO","31","217","14,29%"
2020-04-06,"GALICIA","181","1.938","9,34%"
2020-04-07,"A.S. A CORUÑA E CEE","27","341","7,92%"
2020-04-07,"A.S. FERROL","9","171","5,26%"
2020-04-07,"A.S. LUGO, A MARIÑA E MONFORTE","15","278","5,4%"
2020-04-07,"A.S. OURENSE, VERÍN E O BARCO","78","278","28,06%"
2020-04-07,"A.S. PONTEVEDRA E O SALNÉS","6","153","3,92%"
2020-04-07,"A.S. SANTIAGO E BARBANZA","61","475","12,84%"
2020-04-07,"A.S. VIGO","27","252","10,71%"
2020-04-07,"GALICIA","223","1.948","11,45%"
2020-04-08,"A.S. A CORUÑA E CEE","48","347","13,83%"
2020-04-08,"A.S. FERROL","10","381","2,62%"
2020-04-08,"A.S. LUGO, A MARIÑA E MONFORTE","9","482","1,87%"
2020-04-08,"A.S. OURENSE, VERÍN E O BARCO","38","255","14,9%"
2020-04-08,"A.S. PONTEVEDRA E O SALNÉS","27","308","8,77%"
2020-04-08,"A.S. SANTIAGO E BARBANZA","37","269","13,75%"
2020-04-08,"A.S. VIGO","43","391","11%"
2020-04-08,"GALICIA","212","2.433","8,71%"
2020-04-09,"A.S. A CORUÑA E CEE","30","261","11,49%"
2020-04-09,"A.S. FERROL","1","229","0,44%"
2020-04-09,"A.S. LUGO, A MARIÑA E MONFORTE","12","386","3,11%"
2020-04-09,"A.S. OURENSE, VERÍN E O BARCO","51","556","9,17%"
2020-04-09,"A.S. PONTEVEDRA E O SALNÉS","18","192","9,38%"
2020-04-09,"A.S. SANTIAGO E BARBANZA","25","243","10,29%"
2020-04-09,"A.S. VIGO","39","406","9,61%"
2020-04-09,"GALICIA","176","2.273","7,74%"
2020-04-10,"A.S. A CORUÑA E CEE","48","395","12,15%"
2020-04-10,"A.S. FERROL","7","426","1,64%"
2020-04-10,"A.S. LUGO, A MARIÑA E MONFORTE","29","314","9,24%"
2020-04-10,"A.S. OURENSE, VERÍN E O BARCO","71","542","13,1%"
2020-04-10,"A.S. PONTEVEDRA E O SALNÉS","12","125","9,6%"
2020-04-10,"A.S. SANTIAGO E BARBANZA","11","306","3,59%"
2020-04-10,"A.S. VIGO","30","241","12,45%"
2020-04-10,"GALICIA","208","2.349","8,85%"
2020-04-11,"A.S. A CORUÑA E CEE","68","347","19,6%"
2020-04-11,"A.S. FERROL","4","146","2,74%"
2020-04-11,"A.S. LUGO, A MARIÑA E MONFORTE","4","145","2,76%"
2020-04-11,"A.S. OURENSE, VERÍN E O BARCO","32","554","5,78%"
2020-04-11,"A.S. PONTEVEDRA E O SALNÉS","13","218","5,96%"
2020-04-11,"A.S. SANTIAGO E BARBANZA","12","106","11,32%"
2020-04-11,"A.S. VIGO","27","258","10,47%"
2020-04-11,"GALICIA","160","1.774","9,02%"
2020-04-12,"A.S. A CORUÑA E CEE","32","407","7,86%"
2020-04-12,"A.S. FERROL","12","305","3,93%"
2020-04-12,"A.S. LUGO, A MARIÑA E MONFORTE","3","258","1,16%"
2020-04-12,"A.S. OURENSE, VERÍN E O BARCO","42","552","7,61%"
2020-04-12,"A.S. PONTEVEDRA E O SALNÉS","12","210","5,71%"
2020-04-12,"A.S. SANTIAGO E BARBANZA","10","471","2,12%"
2020-04-12,"A.S. VIGO","15","180","8,33%"
2020-04-12,"GALICIA","126","2.383","5,29%"
2020-04-13,"A.S. A CORUÑA E CEE","21","315","6,67%"
2020-04-13,"A.S. FERROL","2","205","0,98%"
2020-04-13,"A.S. LUGO, A MARIÑA E MONFORTE","3","102","2,94%"
2020-04-13,"A.S. OURENSE, VERÍN E O BARCO","10","511","1,96%"
2020-04-13,"A.S. PONTEVEDRA E O SALNÉS","6","139","4,32%"
2020-04-13,"A.S. SANTIAGO E BARBANZA","20","296","6,76%"
2020-04-13,"A.S. VIGO","26","301","8,64%"
2020-04-13,"GALICIA","88","1.869","4,71%"
2020-04-14,"A.S. A CORUÑA E CEE","33","385","8,57%"
2020-04-14,"A.S. FERROL","3","177","1,69%"
2020-04-14,"A.S. LUGO, A MARIÑA E MONFORTE","3","337","0,89%"
2020-04-14,"A.S. OURENSE, VERÍN E O BARCO","15","495","3,03%"
2020-04-14,"A.S. PONTEVEDRA E O SALNÉS","5","293","1,71%"
2020-04-14,"A.S. SANTIAGO E BARBANZA","28","251","11,16%"
2020-04-14,"A.S. VIGO","10","263","3,8%"
2020-04-14,"GALICIA","97","2.201","4,41%"
2020-04-15,"A.S. A CORUÑA E CEE","80","533","15,01%"
2020-04-15,"A.S. FERROL","7","194","3,61%"
2020-04-15,"A.S. LUGO, A MARIÑA E MONFORTE","6","487","1,23%"
2020-04-15,"A.S. OURENSE, VERÍN E O BARCO","22","493","4,46%"
2020-04-15,"A.S. PONTEVEDRA E O SALNÉS","11","262","4,2%"
2020-04-15,"A.S. SANTIAGO E BARBANZA","18","529","3,4%"
2020-04-15,"A.S. VIGO","24","464","5,17%"
2020-04-15,"GALICIA","168","2.962","5,67%"
2020-04-16,"A.S. A CORUÑA E CEE","41","641","6,4%"
2020-04-16,"A.S. FERROL","4","435","0,92%"
2020-04-16,"A.S. LUGO, A MARIÑA E MONFORTE","2","367","0,54%"
2020-04-16,"A.S. OURENSE, VERÍN E O BARCO","28","918","3,05%"
2020-04-16,"A.S. PONTEVEDRA E O SALNÉS","4","159","2,52%"
2020-04-16,"A.S. SANTIAGO E BARBANZA","24","536","4,48%"
2020-04-16,"A.S. VIGO","19","497","3,82%"
2020-04-16,"GALICIA","122","3.553","3,43%"
2020-04-17,"A.S. A CORUÑA E CEE","15","545","2,75%"
2020-04-17,"A.S. FERROL","2","180","1,11%"
2020-04-17,"A.S. LUGO, A MARIÑA E MONFORTE","5","398","1,26%"
2020-04-17,"A.S. OURENSE, VERÍN E O BARCO","17","181","9,39%"
2020-04-17,"A.S. PONTEVEDRA E O SALNÉS","6","218","2,75%"
2020-04-17,"A.S. SANTIAGO E BARBANZA","11","498","2,21%"
2020-04-17,"A.S. VIGO","14","259","5,41%"
2020-04-17,"GALICIA","70","2.279","3,07%"
2020-04-18,"A.S. A CORUÑA E CEE","26","663","3,92%"
2020-04-18,"A.S. FERROL","1","362","0,28%"
2020-04-18,"A.S. LUGO, A MARIÑA E MONFORTE","1","294","0,34%"
2020-04-18,"A.S. OURENSE, VERÍN E O BARCO","29","477","6,08%"
2020-04-18,"A.S. PONTEVEDRA E O SALNÉS","1","255","0,39%"
2020-04-18,"A.S. SANTIAGO E BARBANZA","8","568","1,41%"
2020-04-18,"A.S. VIGO","43","644","6,68%"
2020-04-18,"GALICIA","109","3.263","3,34%"
2020-04-19,"A.S. A CORUÑA E CEE","19","257","7,39%"
2020-04-19,"A.S. FERROL","5","251","1,99%"
2020-04-19,"A.S. LUGO, A MARIÑA E MONFORTE","13","473","2,75%"
2020-04-19,"A.S. OURENSE, VERÍN E O BARCO","11","424","2,59%"
2020-04-19,"A.S. PONTEVEDRA E O SALNÉS","5","182","2,75%"
2020-04-19,"A.S. SANTIAGO E BARBANZA","25","910","2,75%"
2020-04-19,"A.S. VIGO","28","681","4,11%"
2020-04-19,"GALICIA","106","3.178","3,34%"
2020-04-20,"A.S. A CORUÑA E CEE","15","319","4,7%"
2020-04-20,"A.S. FERROL","5","214","2,34%"
2020-04-20,"A.S. LUGO, A MARIÑA E MONFORTE","2","354","0,56%"
2020-04-20,"A.S. OURENSE, VERÍN E O BARCO","7","618","1,13%"
2020-04-20,"A.S. PONTEVEDRA E O SALNÉS","0","248","0%"
2020-04-20,"A.S. SANTIAGO E BARBANZA","12","565","2,12%"
2020-04-20,"A.S. VIGO","22","549","4,01%"
2020-04-20,"GALICIA","63","2.867","2,2%"
2020-04-21,"A.S. A CORUÑA E CEE","17","663","2,56%"
2020-04-21,"A.S. FERROL","2","365","0,55%"
2020-04-21,"A.S. LUGO, A MARIÑA E MONFORTE","3","582","0,52%"
2020-04-21,"A.S. OURENSE, VERÍN E O BARCO","14","535","2,62%"
2020-04-21,"A.S. PONTEVEDRA E O SALNÉS","4","223","1,79%"
2020-04-21,"A.S. SANTIAGO E BARBANZA","18","323","5,57%"
2020-04-21,"A.S. VIGO","8","633","1,26%"
2020-04-21,"GALICIA","66","3.324","1,99%"
2020-04-22,"A.S. A CORUÑA E CEE","15","491","3,05%"
2020-04-22,"A.S. FERROL","3","124","2,42%"
2020-04-22,"A.S. LUGO, A MARIÑA E MONFORTE","5","117","4,27%"
2020-04-22,"A.S. OURENSE, VERÍN E O BARCO","15","417","3,6%"
2020-04-22,"A.S. PONTEVEDRA E O SALNÉS","6","247","2,43%"
2020-04-22,"A.S. SANTIAGO E BARBANZA","12","512","2,34%"
2020-04-22,"A.S. VIGO","3","455","0,66%"
2020-04-22,"GALICIA","59","2.363","2,5%"
2020-04-23,"A.S. A CORUÑA E CEE","16","1.014","1,58%"
2020-04-23,"A.S. FERROL","2","219","0,91%"
2020-04-23,"A.S. LUGO, A MARIÑA E MONFORTE","3","413","0,73%"
2020-04-23,"A.S. OURENSE, VERÍN E O BARCO","11","275","4%"
2020-04-23,"A.S. PONTEVEDRA E O SALNÉS","3","179","1,68%"
2020-04-23,"A.S. SANTIAGO E BARBANZA","6","271","2,21%"
2020-04-23,"A.S. VIGO","25","859","2,91%"
2020-04-23,"GALICIA","66","3.230","2,04%"
2020-04-24,"A.S. A CORUÑA E CEE","38","657","5,78%"
2020-04-24,"A.S. FERROL","10","318","3,14%"
2020-04-24,"A.S. LUGO, A MARIÑA E MONFORTE","0","598","0%"
2020-04-24,"A.S. OURENSE, VERÍN E O BARCO","14","820","1,71%"
2020-04-24,"A.S. PONTEVEDRA E O SALNÉS","1","170","0,59%"
2020-04-24,"A.S. SANTIAGO E BARBANZA","14","491","2,85%"
2020-04-24,"A.S. VIGO","16","661","2,42%"
2020-04-24,"GALICIA","93","3.715","2,5%"
2020-04-25,"A.S. A CORUÑA E CEE","33","584","5,65%"
2020-04-25,"A.S. FERROL","1","201","0,5%"
2020-04-25,"A.S. LUGO, A MARIÑA E MONFORTE","0","100","0%"
2020-04-25,"A.S. OURENSE, VERÍN E O BARCO","10","271","3,69%"
2020-04-25,"A.S. PONTEVEDRA E O SALNÉS","0","53","0%"
2020-04-25,"A.S. SANTIAGO E BARBANZA","7","226","3,1%"
2020-04-25,"A.S. VIGO","4","374","1,07%"
2020-04-25,"GALICIA","55","1.809","3,04%"
2020-04-26,"A.S. A CORUÑA E CEE","15","458","3,28%"
2020-04-26,"A.S. FERROL","2","197","1,02%"
2020-04-26,"A.S. LUGO, A MARIÑA E MONFORTE","0","324","0%"
2020-04-26,"A.S. OURENSE, VERÍN E O BARCO","5","443","1,13%"
2020-04-26,"A.S. PONTEVEDRA E O SALNÉS","0","85","0%"
2020-04-26,"A.S. SANTIAGO E BARBANZA","2","125","1,6%"
2020-04-26,"A.S. VIGO","5","702","0,71%"
2020-04-26,"GALICIA","29","2.334","1,24%"
2020-04-27,"A.S. A CORUÑA E CEE","7","327","2,14%"
2020-04-27,"A.S. FERROL","4","226","1,77%"
2020-04-27,"A.S. LUGO, A MARIÑA E MONFORTE","1","392","0,26%"
2020-04-27,"A.S. OURENSE, VERÍN E O BARCO","7","341","2,05%"
2020-04-27,"A.S. PONTEVEDRA E O SALNÉS","0","78","0%"
2020-04-27,"A.S. SANTIAGO E BARBANZA","9","216","4,17%"
2020-04-27,"A.S. VIGO","17","540","3,15%"
2020-04-27,"GALICIA","45","2.120","2,12%"
2020-04-28,"A.S. A CORUÑA E CEE","18","901","2%"
2020-04-28,"A.S. FERROL","2","114","1,75%"
2020-04-28,"A.S. LUGO, A MARIÑA E MONFORTE","0","440","0%"
2020-04-28,"A.S. OURENSE, VERÍN E O BARCO","11","627","1,75%"
2020-04-28,"A.S. PONTEVEDRA E O SALNÉS","0","135","0%"
2020-04-28,"A.S. SANTIAGO E BARBANZA","4","176","2,27%"
2020-04-28,"A.S. VIGO","1","302","0,33%"
2020-04-28,"GALICIA","36","2.695","1,34%"
2020-04-29,"A.S. A CORUÑA E CEE","24","589","4,07%"
2020-04-29,"A.S. FERROL","0","151","0%"
2020-04-29,"A.S. LUGO, A MARIÑA E MONFORTE","4","359","1,11%"
2020-04-29,"A.S. OURENSE, VERÍN E O BARCO","1","381","0,26%"
2020-04-29,"A.S. PONTEVEDRA E O SALNÉS","0","203","0%"
2020-04-29,"A.S. SANTIAGO E BARBANZA","9","210","4,29%"
2020-04-29,"A.S. VIGO","3","477","0,63%"
2020-04-29,"GALICIA","41","2.370","1,73%"
2020-04-30,"A.S. A CORUÑA E CEE","5","749","0,67%"
2020-04-30,"A.S. FERROL","0","112","0%"
2020-04-30,"A.S. LUGO, A MARIÑA E MONFORTE","0","302","0%"
2020-04-30,"A.S. OURENSE, VERÍN E O BARCO","11","343","3,21%"
2020-04-30,"A.S. PONTEVEDRA E O SALNÉS","1","97","1,03%"
2020-04-30,"A.S. SANTIAGO E BARBANZA","11","243","4,53%"
2020-04-30,"A.S. VIGO","7","853","0,82%"
2020-04-30,"GALICIA","35","2.699","1,3%"
2020-05-01,"A.S. A CORUÑA E CEE","17","742","2,29%"
2020-05-01,"A.S. FERROL","0","118","0%"
2020-05-01,"A.S. LUGO, A MARIÑA E MONFORTE","0","171","0%"
2020-05-01,"A.S. OURENSE, VERÍN E O BARCO","9","71","12,68%"
2020-05-01,"A.S. PONTEVEDRA E O SALNÉS","2","132","1,52%"
2020-05-01,"A.S. SANTIAGO E BARBANZA","0","144","0%"
2020-05-01,"A.S. VIGO","4","579","0,69%"
2020-05-01,"GALICIA","32","1.957","1,64%"
2020-05-02,"A.S. A CORUÑA E CEE","12","406","2,96%"
2020-05-02,"A.S. FERROL","1","91","1,1%"
2020-05-02,"A.S. LUGO, A MARIÑA E MONFORTE","3","209","1,44%"
2020-05-02,"A.S. OURENSE, VERÍN E O BARCO","6","95","6,32%"
2020-05-02,"A.S. PONTEVEDRA E O SALNÉS","0","203","0%"
2020-05-02,"A.S. SANTIAGO E BARBANZA","1","221","0,45%"
2020-05-02,"A.S. VIGO","4","336","1,19%"
2020-05-02,"GALICIA","27","1.561","1,73%"
2020-05-03,"A.S. A CORUÑA E CEE","13","372","3,49%"
2020-05-03,"A.S. FERROL","0","92","0%"
2020-05-03,"A.S. LUGO, A MARIÑA E MONFORTE","0","44","0%"
2020-05-03,"A.S. OURENSE, VERÍN E O BARCO","5","74","6,76%"
2020-05-03,"A.S. PONTEVEDRA E O SALNÉS","1","173","0,58%"
2020-05-03,"A.S. SANTIAGO E BARBANZA","2","102","1,96%"
2020-05-03,"A.S. VIGO","6","658","0,91%"
2020-05-03,"GALICIA","27","1.515","1,78%"
2020-05-04,"A.S. A CORUÑA E CEE","2","216","0,93%"
2020-05-04,"A.S. FERROL","0","113","0%"
2020-05-04,"A.S. LUGO, A MARIÑA E MONFORTE","1","87","1,15%"
2020-05-04,"A.S. OURENSE, VERÍN E O BARCO","6","76","7,89%"
2020-05-04,"A.S. PONTEVEDRA E O SALNÉS","0","69","0%"
2020-05-04,"A.S. SANTIAGO E BARBANZA","3","213","1,41%"
2020-05-04,"A.S. VIGO","3","351","0,85%"
2020-05-04,"GALICIA","15","1.125","1,33%"
2020-05-05,"A.S. A CORUÑA E CEE","10","494","2,02%"
2020-05-05,"A.S. FERROL","0","107","0%"
2020-05-05,"A.S. LUGO, A MARIÑA E MONFORTE","0","119","0%"
2020-05-05,"A.S. OURENSE, VERÍN E O BARCO","2","127","1,57%"
2020-05-05,"A.S. PONTEVEDRA E O SALNÉS","1","168","0,6%"
2020-05-05,"A.S. SANTIAGO E BARBANZA","1","203","0,49%"
2020-05-05,"A.S. VIGO","2","470","0,43%"
2020-05-05,"GALICIA","16","1.688","0,95%"
2020-05-06,"A.S. A CORUÑA E CEE","9","543","1,66%"
2020-05-06,"A.S. FERROL","1","92","1,09%"
2020-05-06,"A.S. LUGO, A MARIÑA E MONFORTE","1","77","1,3%"
2020-05-06,"A.S. OURENSE, VERÍN E O BARCO","7","95","7,37%"
2020-05-06,"A.S. PONTEVEDRA E O SALNÉS","0","187","0%"
2020-05-06,"A.S. SANTIAGO E BARBANZA","4","140","2,86%"
2020-05-06,"A.S. VIGO","1","320","0,31%"
2020-05-06,"GALICIA","23","1.454","1,58%"
2020-05-07,"A.S. A CORUÑA E CEE","17","414","4,11%"
2020-05-07,"A.S. FERROL","0","105","0%"
2020-05-07,"A.S. LUGO, A MARIÑA E MONFORTE","0","100","0%"
2020-05-07,"A.S. OURENSE, VERÍN E O BARCO","0","199","0%"
2020-05-07,"A.S. PONTEVEDRA E O SALNÉS","3","131","2,29%"
2020-05-07,"A.S. SANTIAGO E BARBANZA","1","176","0,57%"
2020-05-07,"A.S. VIGO","6","435","1,38%"
2020-05-07,"GALICIA","27","1.560","1,73%"
2020-05-08,"A.S. A CORUÑA E CEE","2","281","0,71%"
2020-05-08,"A.S. FERROL","1","139","0,72%"
2020-05-08,"A.S. LUGO, A MARIÑA E MONFORTE","0","80","0%"
2020-05-08,"A.S. OURENSE, VERÍN E O BARCO","1","69","1,45%"
2020-05-08,"A.S. PONTEVEDRA E O SALNÉS","0","178","0%"
2020-05-08,"A.S. SANTIAGO E BARBANZA","1","225","0,44%"
2020-05-08,"A.S. VIGO","2","134","1,49%"
2020-05-08,"GALICIA","7","1.106","0,63%"
2020-05-09,"A.S. A CORUÑA E CEE","4","358","1,12%"
2020-05-09,"A.S. FERROL","1","140","0,71%"
2020-05-09,"A.S. LUGO, A MARIÑA E MONFORTE","0","83","0%"
2020-05-09,"A.S. OURENSE, VERÍN E O BARCO","3","121","2,48%"
2020-05-09,"A.S. PONTEVEDRA E O SALNÉS","0","86","0%"
2020-05-09,"A.S. SANTIAGO E BARBANZA","1","238","0,42%"
2020-05-09,"A.S. VIGO","6","502","1,2%"
2020-05-09,"GALICIA","15","1.528","0,98%"
2020-05-10,"A.S. A CORUÑA E CEE","5","243","2,06%"
2020-05-10,"A.S. FERROL","0","81","0%"
2020-05-10,"A.S. LUGO, A MARIÑA E MONFORTE","0","70","0%"
2020-05-10,"A.S. OURENSE, VERÍN E O BARCO","0","88","0%"
2020-05-10,"A.S. PONTEVEDRA E O SALNÉS","1","56","1,79%"
2020-05-10,"A.S. SANTIAGO E BARBANZA","2","216","0,93%"
2020-05-10,"A.S. VIGO","0","198","0%"
2020-05-10,"GALICIA","8","952","0,84%"
2020-05-11,"A.S. A CORUÑA E CEE","5","326","1,53%"
2020-05-11,"A.S. FERROL","0","118","0%"
2020-05-11,"A.S. LUGO, A MARIÑA E MONFORTE","0","72","0%"
2020-05-11,"A.S. OURENSE, VERÍN E O BARCO","4","173","2,31%"
2020-05-11,"A.S. PONTEVEDRA E O SALNÉS","0","135","0%"
2020-05-11,"A.S. SANTIAGO E BARBANZA","0","160","0%"
2020-05-11,"A.S. VIGO","2","268","0,75%"
2020-05-11,"GALICIA","11","1.252","0,88%"
2020-05-12,"A.S. A CORUÑA E CEE","7","396","1,77%"
2020-05-12,"A.S. FERROL","0","93","0%"
2020-05-12,"A.S. LUGO, A MARIÑA E MONFORTE","0","50","0%"
2020-05-12,"A.S. OURENSE, VERÍN E O BARCO","2","177","1,13%"
2020-05-12,"A.S. PONTEVEDRA E O SALNÉS","2","76","2,63%"
2020-05-12,"A.S. SANTIAGO E BARBANZA","2","188","1,06%"
2020-05-12,"A.S. VIGO","2","303","0,66%"
2020-05-12,"GALICIA","15","1.283","1,17%"
2020-05-13,"A.S. A CORUÑA E CEE","5","484","1,03%"
2020-05-13,"A.S. FERROL","0","111","0%"
2020-05-13,"A.S. LUGO, A MARIÑA E MONFORTE","1","133","0,75%"
2020-05-13,"A.S. OURENSE, VERÍN E O BARCO","2","173","1,16%"
2020-05-13,"A.S. PONTEVEDRA E O SALNÉS","1","235","0,43%"
2020-05-13,"A.S. SANTIAGO E BARBANZA","1","270","0,37%"
2020-05-13,"A.S. VIGO","2","493","0,41%"
2020-05-13,"GALICIA","12","1.899","0,63%"
2020-05-14,"A.S. A CORUÑA E CEE","1","342","0,29%"
2020-05-14,"A.S. FERROL","0","157","0%"
2020-05-14,"A.S. LUGO, A MARIÑA E MONFORTE","0","103","0%"
2020-05-14,"A.S. OURENSE, VERÍN E O BARCO","1","132","0,76%"
2020-05-14,"A.S. PONTEVEDRA E O SALNÉS","0","128","0%"
2020-05-14,"A.S. SANTIAGO E BARBANZA","1","272","0,37%"
2020-05-14,"A.S. VIGO","0","529","0%"
2020-05-14,"GALICIA","3","1.663","0,18%"
2020-05-15,"A.S. A CORUÑA E CEE","6","433","1,39%"
2020-05-15,"A.S. FERROL","0","111","0%"
2020-05-15,"A.S. LUGO, A MARIÑA E MONFORTE","1","149","0,67%"
2020-05-15,"A.S. OURENSE, VERÍN E O BARCO","2","198","1,01%"
2020-05-15,"A.S. PONTEVEDRA E O SALNÉS","0","170","0%"
2020-05-15,"A.S. SANTIAGO E BARBANZA","0","220","0%"
2020-05-15,"A.S. VIGO","0","357","0%"
2020-05-15,"GALICIA","9","1.638","0,55%"
2020-05-16,"A.S. A CORUÑA E CEE","0","219","0%"
2020-05-16,"A.S. FERROL","0","107","0%"
2020-05-16,"A.S. LUGO, A MARIÑA E MONFORTE","0","103","0%"
2020-05-16,"A.S. OURENSE, VERÍN E O BARCO","0","77","0%"
2020-05-16,"A.S. PONTEVEDRA E O SALNÉS","0","47","0%"
2020-05-16,"A.S. SANTIAGO E BARBANZA","1","134","0,75%"
2020-05-16,"A.S. VIGO","3","310","0,97%"
2020-05-16,"GALICIA","4","997","0,4%"
2020-05-17,"A.S. A CORUÑA E CEE","2","270","0,74%"
2020-05-17,"A.S. FERROL","0","56","0%"
2020-05-17,"A.S. LUGO, A MARIÑA E MONFORTE","0","50","0%"
2020-05-17,"A.S. OURENSE, VERÍN E O BARCO","0","58","0%"
2020-05-17,"A.S. PONTEVEDRA E O SALNÉS","0","60","0%"
2020-05-17,"A.S. SANTIAGO E BARBANZA","0","105","0%"
2020-05-17,"A.S. VIGO","0","53","0%"
2020-05-17,"GALICIA","2","652","0,31%"
2020-05-18,"A.S. A CORUÑA E CEE","2","237","0,84%"
2020-05-18,"A.S. FERROL","0","133","0%"
2020-05-18,"A.S. LUGO, A MARIÑA E MONFORTE","0","55","0%"
2020-05-18,"A.S. OURENSE, VERÍN E O BARCO","0","110","0%"
2020-05-18,"A.S. PONTEVEDRA E O SALNÉS","0","89","0%"
2020-05-18,"A.S. SANTIAGO E BARBANZA","1","126","0,79%"
2020-05-18,"A.S. VIGO","0","319","0%"
2020-05-18,"GALICIA","3","1.069","0,28%"
2020-05-19,"A.S. A CORUÑA E CEE","4","333","1,2%"
2020-05-19,"A.S. FERROL","0","109","0%"
2020-05-19,"A.S. LUGO, A MARIÑA E MONFORTE","0","118","0%"
2020-05-19,"A.S. OURENSE, VERÍN E O BARCO","6","151","3,97%"
2020-05-19,"A.S. PONTEVEDRA E O SALNÉS","1","143","0,7%"
2020-05-19,"A.S. SANTIAGO E BARBANZA","0","250","0%"
2020-05-19,"A.S. VIGO","1","266","0,38%"
2020-05-19,"GALICIA","12","1.370","0,88%"
2020-05-20,"A.S. A CORUÑA E CEE","7","345","2,03%"
2020-05-20,"A.S. FERROL","1","133","0,75%"
2020-05-20,"A.S. LUGO, A MARIÑA E MONFORTE","0","89","0%"
2020-05-20,"A.S. OURENSE, VERÍN E O BARCO","0","138","0%"
2020-05-20,"A.S. PONTEVEDRA E O SALNÉS","0","116","0%"
2020-05-20,"A.S. SANTIAGO E BARBANZA","1","244","0,41%"
2020-05-20,"A.S. VIGO","0","350","0%"
2020-05-20,"GALICIA","9","1.415","0,64%"
2020-05-21,"A.S. A CORUÑA E CEE","1","345","0,29%"
2020-05-21,"A.S. FERROL","1","86","1,16%"
2020-05-21,"A.S. LUGO, A MARIÑA E MONFORTE","0","114","0%"
2020-05-21,"A.S. OURENSE, VERÍN E O BARCO","1","101","0,99%"
2020-05-21,"A.S. PONTEVEDRA E O SALNÉS","0","98","0%"
2020-05-21,"A.S. SANTIAGO E BARBANZA","0","181","0%"
2020-05-21,"A.S. VIGO","0","258","0%"
2020-05-21,"GALICIA","3","1.183","0,25%"
2020-05-22,"A.S. A CORUÑA E CEE","13","346","3,76%"
2020-05-22,"A.S. FERROL","0","142","0%"
2020-05-22,"A.S. LUGO, A MARIÑA E MONFORTE","2","104","1,92%"
2020-05-22,"A.S. OURENSE, VERÍN E O BARCO","2","126","1,59%"
2020-05-22,"A.S. PONTEVEDRA E O SALNÉS","0","124","0%"
2020-05-22,"A.S. SANTIAGO E BARBANZA","0","124","0%"
2020-05-22,"A.S. VIGO","0","255","0%"
2020-05-22,"GALICIA","17","1.221","1,39%"
2020-05-23,"A.S. A CORUÑA E CEE","3","370","0,81%"
2020-05-23,"A.S. FERROL","0","99","0%"
2020-05-23,"A.S. LUGO, A MARIÑA E MONFORTE","0","80","0%"
2020-05-23,"A.S. OURENSE, VERÍN E O BARCO","6","81","7,41%"
2020-05-23,"A.S. PONTEVEDRA E O SALNÉS","0","63","0%"
2020-05-23,"A.S. SANTIAGO E BARBANZA","1","152","0,66%"
2020-05-23,"A.S. VIGO","0","179","0%"
2020-05-23,"GALICIA","10","1.024","0,98%"
2020-05-24,"A.S. A CORUÑA E CEE","1","149","0,67%"
2020-05-24,"A.S. FERROL","0","30","0%"
2020-05-24,"A.S. LUGO, A MARIÑA E MONFORTE","0","34","0%"
2020-05-24,"A.S. OURENSE, VERÍN E O BARCO","0","57","0%"
2020-05-24,"A.S. PONTEVEDRA E O SALNÉS","0","61","0%"
2020-05-24,"A.S. SANTIAGO E BARBANZA","1","219","0,46%"
2020-05-24,"A.S. VIGO","0","69","0%"
2020-05-24,"GALICIA","2","619","0,32%"
2020-05-25,"A.S. A CORUÑA E CEE","0","202","0%"
2020-05-25,"A.S. FERROL","0","121","0%"
2020-05-25,"A.S. LUGO, A MARIÑA E MONFORTE","1","92","1,09%"
2020-05-25,"A.S. OURENSE, VERÍN E O BARCO","0","118","0%"
2020-05-25,"A.S. PONTEVEDRA E O SALNÉS","1","136","0,74%"
2020-05-25,"A.S. SANTIAGO E BARBANZA","0","161","0%"
2020-05-25,"A.S. VIGO","0","266","0%"
2020-05-25,"GALICIA","2","1.096","0,18%"
2020-05-26,"A.S. A CORUÑA E CEE","3","426","0,7%"
2020-05-26,"A.S. FERROL","0","148","0%"
2020-05-26,"A.S. LUGO, A MARIÑA E MONFORTE","0","107","0%"
2020-05-26,"A.S. OURENSE, VERÍN E O BARCO","0","152","0%"
2020-05-26,"A.S. PONTEVEDRA E O SALNÉS","0","132","0%"
2020-05-26,"A.S. SANTIAGO E BARBANZA","0","249","0%"
2020-05-26,"A.S. VIGO","0","247","0%"
2020-05-26,"GALICIA","3","1.461","0,21%"
2020-05-27,"A.S. A CORUÑA E CEE","0","325","0%"
2020-05-27,"A.S. FERROL","0","111","0%"
2020-05-27,"A.S. LUGO, A MARIÑA E MONFORTE","1","93","1,08%"
2020-05-27,"A.S. OURENSE, VERÍN E O BARCO","0","87","0%"
2020-05-27,"A.S. PONTEVEDRA E O SALNÉS","0","109","0%"
2020-05-27,"A.S. SANTIAGO E BARBANZA","1","220","0,45%"
2020-05-27,"A.S. VIGO","0","299","0%"
2020-05-27,"GALICIA","2","1.244","0,16%"
2020-05-28,"A.S. A CORUÑA E CEE","1","194","0,52%"
2020-05-28,"A.S. FERROL","0","101","0%"
2020-05-28,"A.S. LUGO, A MARIÑA E MONFORTE","1","75","1,33%"
2020-05-28,"A.S. OURENSE, VERÍN E O BARCO","2","131","1,53%"
2020-05-28,"A.S. PONTEVEDRA E O SALNÉS","0","74","0%"
2020-05-28,"A.S. SANTIAGO E BARBANZA","0","121","0%"
2020-05-28,"A.S. VIGO","0","273","0%"
2020-05-28,"GALICIA","4","969","0,41%"
2020-05-29,"A.S. A CORUÑA E CEE","1","307","0,33%"
2020-05-29,"A.S. FERROL","0","91","0%"
2020-05-29,"A.S. LUGO, A MARIÑA E MONFORTE","0","72","0%"
2020-05-29,"A.S. OURENSE, VERÍN E O BARCO","0","122","0%"
2020-05-29,"A.S. PONTEVEDRA E O SALNÉS","0","123","0%"
2020-05-29,"A.S. SANTIAGO E BARBANZA","0","186","0%"
2020-05-29,"A.S. VIGO","3","399","0,75%"
2020-05-29,"GALICIA","4","1.300","0,31%"
2020-05-30,"A.S. A CORUÑA E CEE","3","338","0,89%"
2020-05-30,"A.S. FERROL","1","75","1,33%"
2020-05-30,"A.S. LUGO, A MARIÑA E MONFORTE","0","107","0%"
2020-05-30,"A.S. OURENSE, VERÍN E O BARCO","0","107","0%"
2020-05-30,"A.S. PONTEVEDRA E O SALNÉS","0","61","0%"
2020-05-30,"A.S. SANTIAGO E BARBANZA","0","172","0%"
2020-05-30,"A.S. VIGO","0","207","0%"
2020-05-30,"GALICIA","4","1.067","0,37%"
2020-05-31,"A.S. A CORUÑA E CEE","0","140","0%"
2020-05-31,"A.S. FERROL","0","36","0%"
2020-05-31,"A.S. LUGO, A MARIÑA E MONFORTE","0","20","0%"
2020-05-31,"A.S. OURENSE, VERÍN E O BARCO","0","57","0%"
2020-05-31,"A.S. PONTEVEDRA E O SALNÉS","0","47","0%"
2020-05-31,"A.S. SANTIAGO E BARBANZA","0","180","0%"
2020-05-31,"A.S. VIGO","0","59","0%"
2020-05-31,"GALICIA","0","539","0%"
2020-06-01,"A.S. A CORUÑA E CEE","0","204","0%"
2020-06-01,"A.S. FERROL","0","132","0%"
2020-06-01,"A.S. LUGO, A MARIÑA E MONFORTE","0","85","0%"
2020-06-01,"A.S. OURENSE, VERÍN E O BARCO","0","101","0%"
2020-06-01,"A.S. PONTEVEDRA E O SALNÉS","0","99","0%"
2020-06-01,"A.S. SANTIAGO E BARBANZA","0","193","0%"
2020-06-01,"A.S. VIGO","0","245","0%"
2020-06-01,"GALICIA","0","1.059","0%"
2020-06-02,"A.S. A CORUÑA E CEE","0","414","0%"
2020-06-02,"A.S. FERROL","0","110","0%"
2020-06-02,"A.S. LUGO, A MARIÑA E MONFORTE","0","117","0%"
2020-06-02,"A.S. OURENSE, VERÍN E O BARCO","0","170","0%"
2020-06-02,"A.S. PONTEVEDRA E O SALNÉS","0","149","0%"
2020-06-02,"A.S. SANTIAGO E BARBANZA","0","185","0%"
2020-06-02,"A.S. VIGO","1","375","0,27%"
2020-06-02,"GALICIA","1","1.520","0,07%"
2020-06-03,"A.S. A CORUÑA E CEE","1","279","0,36%"
2020-06-03,"A.S. FERROL","0","89","0%"
2020-06-03,"A.S. LUGO, A MARIÑA E MONFORTE","0","110","0%"
2020-06-03,"A.S. OURENSE, VERÍN E O BARCO","0","93","0%"
2020-06-03,"A.S. PONTEVEDRA E O SALNÉS","0","106","0%"
2020-06-03,"A.S. SANTIAGO E BARBANZA","0","278","0%"
2020-06-03,"A.S. VIGO","0","215","0%"
2020-06-03,"GALICIA","1","1.170","0,09%"
2020-06-04,"A.S. A CORUÑA E CEE","0","245","0%"
2020-06-04,"A.S. FERROL","0","79","0%"
2020-06-04,"A.S. LUGO, A MARIÑA E MONFORTE","0","88","0%"
2020-06-04,"A.S. OURENSE, VERÍN E O BARCO","0","91","0%"
2020-06-04,"A.S. PONTEVEDRA E O SALNÉS","1","94","1,06%"
2020-06-04,"A.S. SANTIAGO E BARBANZA","0","124","0%"
2020-06-04,"A.S. VIGO","0","243","0%"
2020-06-04,"GALICIA","1","964","0,1%"
2020-06-05,"A.S. A CORUÑA E CEE","1","276","0,36%"
2020-06-05,"A.S. FERROL","0","96","0%"
2020-06-05,"A.S. LUGO, A MARIÑA E MONFORTE","0","104","0%"
2020-06-05,"A.S. OURENSE, VERÍN E O BARCO","1","120","0,83%"
2020-06-05,"A.S. PONTEVEDRA E O SALNÉS","0","145","0%"
2020-06-05,"A.S. SANTIAGO E BARBANZA","0","181","0%"
2020-06-05,"A.S. VIGO","0","262","0%"
2020-06-05,"GALICIA","2","1.184","0,17%"
2020-06-06,"A.S. A CORUÑA E CEE","0","194","0%"
2020-06-06,"A.S. FERROL","0","79","0%"
2020-06-06,"A.S. LUGO, A MARIÑA E MONFORTE","0","103","0%"
2020-06-06,"A.S. OURENSE, VERÍN E O BARCO","0","95","0%"
2020-06-06,"A.S. PONTEVEDRA E O SALNÉS","0","72","0%"
2020-06-06,"A.S. SANTIAGO E BARBANZA","1","232","0,43%"
2020-06-06,"A.S. VIGO","1","239","0,42%"
2020-06-06,"GALICIA","2","1.014","0,2%"
2020-06-07,"A.S. A CORUÑA E CEE","1","227","0,44%"
2020-06-07,"A.S. FERROL","0","42","0%"
2020-06-07,"A.S. LUGO, A MARIÑA E MONFORTE","0","33","0%"
2020-06-07,"A.S. OURENSE, VERÍN E O BARCO","0","54","0%"
2020-06-07,"A.S. PONTEVEDRA E O SALNÉS","0","43","0%"
2020-06-07,"A.S. SANTIAGO E BARBANZA","0","125","0%"
2020-06-07,"A.S. VIGO","0","117","0%"
2020-06-07,"GALICIA","1","641","0,16%"
2020-06-08,"A.S. A CORUÑA E CEE","0","209","0%"
2020-06-08,"A.S. FERROL","0","120","0%"
2020-06-08,"A.S. LUGO, A MARIÑA E MONFORTE","0","81","0%"
2020-06-08,"A.S. OURENSE, VERÍN E O BARCO","0","129","0%"
2020-06-08,"A.S. PONTEVEDRA E O SALNÉS","0","134","0%"
2020-06-08,"A.S. SANTIAGO E BARBANZA","0","208","0%"
2020-06-08,"A.S. VIGO","0","285","0%"
2020-06-08,"GALICIA","0","1.166","0%"
2020-06-09,"A.S. A CORUÑA E CEE","1","376","0,27%"
2020-06-09,"A.S. FERROL","0","125","0%"
2020-06-09,"A.S. LUGO, A MARIÑA E MONFORTE","1","114","0,88%"
2020-06-09,"A.S. OURENSE, VERÍN E O BARCO","0","147","0%"
2020-06-09,"A.S. PONTEVEDRA E O SALNÉS","0","133","0%"
2020-06-09,"A.S. SANTIAGO E BARBANZA","1","295","0,34%"
2020-06-09,"A.S. VIGO","1","287","0,35%"
2020-06-09,"GALICIA","4","1.477","0,27%"
2020-06-10,"A.S. A CORUÑA E CEE","0","237","0%"
2020-06-10,"A.S. FERROL","0","112","0%"
2020-06-10,"A.S. LUGO, A MARIÑA E MONFORTE","0","120","0%"
2020-06-10,"A.S. OURENSE, VERÍN E O BARCO","0","114","0%"
2020-06-10,"A.S. PONTEVEDRA E O SALNÉS","0","94","0%"
2020-06-10,"A.S. SANTIAGO E BARBANZA","1","229","0,44%"
2020-06-10,"A.S. VIGO","0","144","0%"
2020-06-10,"GALICIA","1","1.050","0,1%"
2020-06-11,"A.S. A CORUÑA E CEE","0","291","0%"
2020-06-11,"A.S. FERROL","0","62","0%"
2020-06-11,"A.S. LUGO, A MARIÑA E MONFORTE","1","82","1,22%"
2020-06-11,"A.S. OURENSE, VERÍN E O BARCO","0","100","0%"
2020-06-11,"A.S. PONTEVEDRA E O SALNÉS","0","82","0%"
2020-06-11,"A.S. SANTIAGO E BARBANZA","0","101","0%"
2020-06-11,"A.S. VIGO","0","262","0%"
2020-06-11,"GALICIA","1","980","0,1%"
2020-06-12,"A.S. A CORUÑA E CEE","0","254","0%"
2020-06-12,"A.S. FERROL","1","103","0,97%"
2020-06-12,"A.S. LUGO, A MARIÑA E MONFORTE","0","102","0%"
2020-06-12,"A.S. OURENSE, VERÍN E O BARCO","0","135","0%"
2020-06-12,"A.S. PONTEVEDRA E O SALNÉS","0","121","0%"
2020-06-12,"A.S. SANTIAGO E BARBANZA","1","260","0,38%"
2020-06-12,"A.S. VIGO","0","278","0%"
2020-06-12,"GALICIA","2","1.253","0,16%"
2020-06-13,"A.S. A CORUÑA E CEE","0","236","0%"
2020-06-13,"A.S. FERROL","0","67","0%"
2020-06-13,"A.S. LUGO, A MARIÑA E MONFORTE","1","61","1,64%"
2020-06-13,"A.S. OURENSE, VERÍN E O BARCO","0","97","0%"
2020-06-13,"A.S. PONTEVEDRA E O SALNÉS","0","71","0%"
2020-06-13,"A.S. SANTIAGO E BARBANZA","0","224","0%"
2020-06-13,"A.S. VIGO","0","175","0%"
2020-06-13,"GALICIA","1","931","0,11%"
2020-06-14,"A.S. A CORUÑA E CEE","0","226","0%"
2020-06-14,"A.S. FERROL","0","31","0%"
2020-06-14,"A.S. LUGO, A MARIÑA E MONFORTE","0","36","0%"
2020-06-14,"A.S. OURENSE, VERÍN E O BARCO","0","65","0%"
2020-06-14,"A.S. PONTEVEDRA E O SALNÉS","0","54","0%"
2020-06-14,"A.S. SANTIAGO E BARBANZA","0","145","0%"
2020-06-14,"A.S. VIGO","1","105","0,95%"
2020-06-14,"GALICIA","1","662","0,15%"
2020-06-15,"A.S. A CORUÑA E CEE","0","237","0%"
2020-06-15,"A.S. FERROL","0","104","0%"
2020-06-15,"A.S. LUGO, A MARIÑA E MONFORTE","0","64","0%"
2020-06-15,"A.S. OURENSE, VERÍN E O BARCO","0","102","0%"
2020-06-15,"A.S. PONTEVEDRA E O SALNÉS","0","111","0%"
2020-06-15,"A.S. SANTIAGO E BARBANZA","0","157","0%"
2020-06-15,"A.S. VIGO","1","290","0,34%"
2020-06-15,"GALICIA","1","1.065","0,09%"
2020-06-16,"A.S. A CORUÑA E CEE","0","355","0%"
2020-06-16,"A.S. FERROL","0","108","0%"
2020-06-16,"A.S. LUGO, A MARIÑA E MONFORTE","0","131","0%"
2020-06-16,"A.S. OURENSE, VERÍN E O BARCO","0","161","0%"
2020-06-16,"A.S. PONTEVEDRA E O SALNÉS","0","141","0%"
2020-06-16,"A.S. SANTIAGO E BARBANZA","0","267","0%"
2020-06-16,"A.S. VIGO","0","257","0%"
2020-06-16,"GALICIA","0","1.420","0%"
2020-06-17,"A.S. A CORUÑA E CEE","0","272","0%"
2020-06-17,"A.S. FERROL","0","110","0%"
2020-06-17,"A.S. LUGO, A MARIÑA E MONFORTE","1","97","1,03%"
2020-06-17,"A.S. OURENSE, VERÍN E O BARCO","0","91","0%"
2020-06-17,"A.S. PONTEVEDRA E O SALNÉS","1","93","1,08%"
2020-06-17,"A.S. SANTIAGO E BARBANZA","1","176","0,57%"
2020-06-17,"A.S. VIGO","0","192","0%"
2020-06-17,"GALICIA","3","1.031","0,29%"
2020-06-18,"A.S. A CORUÑA E CEE","1","198","0,51%"
2020-06-18,"A.S. FERROL","0","165","0%"
2020-06-18,"A.S. LUGO, A MARIÑA E MONFORTE","0","93","0%"
2020-06-18,"A.S. OURENSE, VERÍN E O BARCO","1","83","1,2%"
2020-06-18,"A.S. PONTEVEDRA E O SALNÉS","1","71","1,41%"
2020-06-18,"A.S. SANTIAGO E BARBANZA","0","178","0%"
2020-06-18,"A.S. VIGO","0","141","0%"
2020-06-18,"GALICIA","3","929","0,32%"
2020-06-19,"A.S. A CORUÑA E CEE","0","277","0%"
2020-06-19,"A.S. FERROL","0","160","0%"
2020-06-19,"A.S. LUGO, A MARIÑA E MONFORTE","0","74","0%"
2020-06-19,"A.S. OURENSE, VERÍN E O BARCO","0","159","0%"
2020-06-19,"A.S. PONTEVEDRA E O SALNÉS","0","115","0%"
2020-06-19,"A.S. SANTIAGO E BARBANZA","1","230","0,43%"
2020-06-19,"A.S. VIGO","0","390","0%"
2020-06-19,"GALICIA","1","1.405","0,07%"
2020-06-20,"A.S. A CORUÑA E CEE","1","248","0,4%"
2020-06-20,"A.S. FERROL","0","74","0%"
2020-06-20,"A.S. LUGO, A MARIÑA E MONFORTE","0","104","0%"
2020-06-20,"A.S. OURENSE, VERÍN E O BARCO","0","102","0%"
2020-06-20,"A.S. PONTEVEDRA E O SALNÉS","0","78","0%"
2020-06-20,"A.S. SANTIAGO E BARBANZA","2","141","1,42%"
2020-06-20,"A.S. VIGO","0","122","0%"
2020-06-20,"GALICIA","3","869","0,35%"
2020-06-21,"A.S. A CORUÑA E CEE","0","143","0%"
2020-06-21,"A.S. FERROL","0","27","0%"
2020-06-21,"A.S. LUGO, A MARIÑA E MONFORTE","0","45","0%"
2020-06-21,"A.S. OURENSE, VERÍN E O BARCO","0","58","0%"
2020-06-21,"A.S. PONTEVEDRA E O SALNÉS","0","19","0%"
2020-06-21,"A.S. SANTIAGO E BARBANZA","5","150","3,33%"
2020-06-21,"A.S. VIGO","0","66","0%"
2020-06-21,"GALICIA","5","508","0,98%"
2020-06-22,"A.S. A CORUÑA E CEE","0","212","0%"
2020-06-22,"A.S. FERROL","0","134","0%"
2020-06-22,"A.S. LUGO, A MARIÑA E MONFORTE","0","71","0%"
2020-06-22,"A.S. OURENSE, VERÍN E O BARCO","0","95","0%"
2020-06-22,"A.S. PONTEVEDRA E O SALNÉS","0","104","0%"
2020-06-22,"A.S. SANTIAGO E BARBANZA","0","217","0%"
2020-06-22,"A.S. VIGO","0","253","0%"
2020-06-22,"GALICIA","0","1.086","0%"
2020-06-23,"A.S. A CORUÑA E CEE","0","268","0%"
2020-06-23,"A.S. FERROL","0","131","0%"
2020-06-23,"A.S. LUGO, A MARIÑA E MONFORTE","2","115","1,74%"
2020-06-23,"A.S. OURENSE, VERÍN E O BARCO","1","131","0,76%"
2020-06-23,"A.S. PONTEVEDRA E O SALNÉS","0","172","0%"
2020-06-23,"A.S. SANTIAGO E BARBANZA","0","207","0%"
2020-06-23,"A.S. VIGO","0","245","0%"
2020-06-23,"GALICIA","3","1.269","0,24%"
2020-06-24,"A.S. A CORUÑA E CEE","0","207","0%"
2020-06-24,"A.S. FERROL","0","47","0%"
2020-06-24,"A.S. LUGO, A MARIÑA E MONFORTE","8","551","1,45%"
2020-06-24,"A.S. OURENSE, VERÍN E O BARCO","0","218","0%"
2020-06-24,"A.S. PONTEVEDRA E O SALNÉS","0","23","0%"
2020-06-24,"A.S. SANTIAGO E BARBANZA","0","397","0%"
2020-06-24,"A.S. VIGO","0","136","0%"
2020-06-24,"GALICIA","8","1.579","0,51%"
2020-06-25,"A.S. A CORUÑA E CEE","0","191","0%"
2020-06-25,"A.S. FERROL","0","76","0%"
2020-06-25,"A.S. LUGO, A MARIÑA E MONFORTE","8","562","1,42%"
2020-06-25,"A.S. OURENSE, VERÍN E O BARCO","0","532","0%"
2020-06-25,"A.S. PONTEVEDRA E O SALNÉS","1","124","0,81%"
2020-06-25,"A.S. SANTIAGO E BARBANZA","0","99","0%"
2020-06-25,"A.S. VIGO","0","208","0%"
2020-06-25,"GALICIA","9","1.792","0,5%"
2020-06-26,"A.S. A CORUÑA E CEE","0","304","0%"
2020-06-26,"A.S. FERROL","0","83","0%"
2020-06-26,"A.S. LUGO, A MARIÑA E MONFORTE","0","721","0%"
2020-06-26,"A.S. OURENSE, VERÍN E O BARCO","1","298","0,34%"
2020-06-26,"A.S. PONTEVEDRA E O SALNÉS","0","331","0%"
2020-06-26,"A.S. SANTIAGO E BARBANZA","1","435","0,23%"
2020-06-26,"A.S. VIGO","1","466","0,21%"
2020-06-26,"GALICIA","3","2.638","0,11%"
2020-06-27,"A.S. A CORUÑA E CEE","0","344","0%"
2020-06-27,"A.S. FERROL","0","82","0%"
2020-06-27,"A.S. LUGO, A MARIÑA E MONFORTE","7","414","1,69%"
2020-06-27,"A.S. OURENSE, VERÍN E O BARCO","0","378","0%"
2020-06-27,"A.S. PONTEVEDRA E O SALNÉS","0","125","0%"
2020-06-27,"A.S. SANTIAGO E BARBANZA","0","679","0%"
2020-06-27,"A.S. VIGO","1","494","0,2%"
2020-06-27,"GALICIA","8","2.516","0,32%"
2020-06-28,"A.S. A CORUÑA E CEE","0","249","0%"
2020-06-28,"A.S. FERROL","0","34","0%"
2020-06-28,"A.S. LUGO, A MARIÑA E MONFORTE","4","485","0,82%"
2020-06-28,"A.S. OURENSE, VERÍN E O BARCO","1","501","0,2%"
2020-06-28,"A.S. PONTEVEDRA E O SALNÉS","0","204","0%"
2020-06-28,"A.S. SANTIAGO E BARBANZA","1","934","0,11%"
2020-06-28,"A.S. VIGO","0","437","0%"
2020-06-28,"GALICIA","6","2.844","0,21%"
2020-06-29,"A.S. A CORUÑA E CEE","0","376","0%"
2020-06-29,"A.S. FERROL","0","189","0%"
2020-06-29,"A.S. LUGO, A MARIÑA E MONFORTE","7","708","0,99%"
2020-06-29,"A.S. OURENSE, VERÍN E O BARCO","0","209","0%"
2020-06-29,"A.S. PONTEVEDRA E O SALNÉS","1","183","0,55%"
2020-06-29,"A.S. SANTIAGO E BARBANZA","0","377","0%"
2020-06-29,"A.S. VIGO","0","458","0%"
2020-06-29,"GALICIA","8","2.500","0,32%"
2020-06-30,"A.S. A CORUÑA E CEE","0","599","0%"
2020-06-30,"A.S. FERROL","0","142","0%"
2020-06-30,"A.S. LUGO, A MARIÑA E MONFORTE","6","489","1,23%"
2020-06-30,"A.S. OURENSE, VERÍN E O BARCO","0","661","0%"
2020-06-30,"A.S. PONTEVEDRA E O SALNÉS","0","224","0%"
2020-06-30,"A.S. SANTIAGO E BARBANZA","0","592","0%"
2020-06-30,"A.S. VIGO","0","450","0%"
2020-06-30,"GALICIA","6","3.157","0,19%"
2020-07-01,"A.S. A CORUÑA E CEE","0","576","0%"
2020-07-01,"A.S. FERROL","1","333","0,3%"
2020-07-01,"A.S. LUGO, A MARIÑA E MONFORTE","14","418","3,35%"
2020-07-01,"A.S. OURENSE, VERÍN E O BARCO","0","315","0%"
2020-07-01,"A.S. PONTEVEDRA E O SALNÉS","0","258","0%"
2020-07-01,"A.S. SANTIAGO E BARBANZA","3","880","0,34%"
2020-07-01,"A.S. VIGO","0","477","0%"
2020-07-01,"GALICIA","18","3.257","0,55%"
2020-07-02,"A.S. A CORUÑA E CEE","1","523","0,19%"
2020-07-02,"A.S. FERROL","0","353","0%"
2020-07-02,"A.S. LUGO, A MARIÑA E MONFORTE","10","325","3,08%"
2020-07-02,"A.S. OURENSE, VERÍN E O BARCO","0","468","0%"
2020-07-02,"A.S. PONTEVEDRA E O SALNÉS","0","248","0%"
2020-07-02,"A.S. SANTIAGO E BARBANZA","0","733","0%"
2020-07-02,"A.S. VIGO","0","505","0%"
2020-07-02,"GALICIA","11","3.155","0,35%"
2020-07-03,"A.S. A CORUÑA E CEE","2","360","0,56%"
2020-07-03,"A.S. FERROL","0","95","0%"
2020-07-03,"A.S. LUGO, A MARIÑA E MONFORTE","29","479","6,05%"
2020-07-03,"A.S. OURENSE, VERÍN E O BARCO","0","440","0%"
2020-07-03,"A.S. PONTEVEDRA E O SALNÉS","0","211","0%"
2020-07-03,"A.S. SANTIAGO E BARBANZA","0","884","0%"
2020-07-03,"A.S. VIGO","0","545","0%"
2020-07-03,"GALICIA","31","3.014","1,03%"
2020-07-04,"A.S. A CORUÑA E CEE","0","531","0%"
2020-07-04,"A.S. FERROL","0","343","0%"
2020-07-04,"A.S. LUGO, A MARIÑA E MONFORTE","24","458","5,24%"
2020-07-04,"A.S. OURENSE, VERÍN E O BARCO","0","162","0%"
2020-07-04,"A.S. PONTEVEDRA E O SALNÉS","0","241","0%"
2020-07-04,"A.S. SANTIAGO E BARBANZA","2","146","1,37%"
2020-07-04,"A.S. VIGO","0","410","0%"
2020-07-04,"GALICIA","26","2.291","1,13%"
2020-07-05,"A.S. A CORUÑA E CEE","0","222","0%"
2020-07-05,"A.S. FERROL","0","287","0%"
2020-07-05,"A.S. LUGO, A MARIÑA E MONFORTE","23","594","3,87%"
2020-07-05,"A.S. OURENSE, VERÍN E O BARCO","0","250","0%"
2020-07-05,"A.S. PONTEVEDRA E O SALNÉS","0","183","0%"
2020-07-05,"A.S. SANTIAGO E BARBANZA","0","188","0%"
2020-07-05,"A.S. VIGO","1","402","0,25%"
2020-07-05,"GALICIA","24","2.126","1,13%"
2020-07-06,"A.S. A CORUÑA E CEE","0","393","0%"
2020-07-06,"A.S. FERROL","0","320","0%"
2020-07-06,"A.S. LUGO, A MARIÑA E MONFORTE","3","193","1,55%"
2020-07-06,"A.S. OURENSE, VERÍN E O BARCO","0","425","0%"
2020-07-06,"A.S. PONTEVEDRA E O SALNÉS","1","168","0,6%"
2020-07-06,"A.S. SANTIAGO E BARBANZA","0","113","0%"
2020-07-06,"A.S. VIGO","2","428","0,47%"
2020-07-06,"GALICIA","6","2.040","0,29%"
2020-07-07,"A.S. A CORUÑA E CEE","0","535","0%"
2020-07-07,"A.S. FERROL","0","132","0%"
2020-07-07,"A.S. LUGO, A MARIÑA E MONFORTE","35","650","5,38%"
2020-07-07,"A.S. OURENSE, VERÍN E O BARCO","0","641","0%"
2020-07-07,"A.S. PONTEVEDRA E O SALNÉS","0","228","0%"
2020-07-07,"A.S. SANTIAGO E BARBANZA","0","330","0%"
2020-07-07,"A.S. VIGO","0","628","0%"
2020-07-07,"GALICIA","35","3.144","1,11%"
2020-07-08,"A.S. A CORUÑA E CEE","0","523","0%"
2020-07-08,"A.S. FERROL","0","382","0%"
2020-07-08,"A.S. LUGO, A MARIÑA E MONFORTE","21","273","7,69%"
2020-07-08,"A.S. OURENSE, VERÍN E O BARCO","1","555","0,18%"
2020-07-08,"A.S. PONTEVEDRA E O SALNÉS","2","299","0,67%"
2020-07-08,"A.S. SANTIAGO E BARBANZA","1","206","0,49%"
2020-07-08,"A.S. VIGO","1","662","0,15%"
2020-07-08,"GALICIA","26","2.900","0,9%"
2020-07-09,"A.S. A CORUÑA E CEE","0","442","0%"
2020-07-09,"A.S. FERROL","0","329","0%"
2020-07-09,"A.S. LUGO, A MARIÑA E MONFORTE","30","280","10,71%"
2020-07-09,"A.S. OURENSE, VERÍN E O BARCO","2","693","0,29%"
2020-07-09,"A.S. PONTEVEDRA E O SALNÉS","0","152","0%"
2020-07-09,"A.S. SANTIAGO E BARBANZA","0","209","0%"
2020-07-09,"A.S. VIGO","2","730","0,27%"
2020-07-09,"GALICIA","34","2.835","1,2%"
2020-07-10,"A.S. A CORUÑA E CEE","0","573","0%"
2020-07-10,"A.S. FERROL","1","258","0,39%"
2020-07-10,"A.S. LUGO, A MARIÑA E MONFORTE","5","242","2,07%"
2020-07-10,"A.S. OURENSE, VERÍN E O BARCO","1","668","0,15%"
2020-07-10,"A.S. PONTEVEDRA E O SALNÉS","0","212","0%"
2020-07-10,"A.S. SANTIAGO E BARBANZA","0","203","0%"
2020-07-10,"A.S. VIGO","0","542","0%"
2020-07-10,"GALICIA","7","2.698","0,26%"
2020-07-11,"A.S. A CORUÑA E CEE","3","349","0,86%"
2020-07-11,"A.S. FERROL","0","281","0%"
2020-07-11,"A.S. LUGO, A MARIÑA E MONFORTE","4","681","0,59%"
2020-07-11,"A.S. OURENSE, VERÍN E O BARCO","0","387","0%"
2020-07-11,"A.S. PONTEVEDRA E O SALNÉS","1","227","0,44%"
2020-07-11,"A.S. SANTIAGO E BARBANZA","1","245","0,41%"
2020-07-11,"A.S. VIGO","1","683","0,15%"
2020-07-11,"GALICIA","10","2.853","0,35%"
2020-07-12,"A.S. A CORUÑA E CEE","1","207","0,48%"
2020-07-12,"A.S. FERROL","0","180","0%"
2020-07-12,"A.S. LUGO, A MARIÑA E MONFORTE","1","368","0,27%"
2020-07-12,"A.S. OURENSE, VERÍN E O BARCO","0","385","0%"
2020-07-12,"A.S. PONTEVEDRA E O SALNÉS","2","121","1,65%"
2020-07-12,"A.S. SANTIAGO E BARBANZA","2","126","1,59%"
2020-07-12,"A.S. VIGO","0","445","0%"
2020-07-12,"GALICIA","6","1.832","0,33%"
2020-07-13,"A.S. A CORUÑA E CEE","2","590","0,34%"
2020-07-13,"A.S. FERROL","0","271","0%"
2020-07-13,"A.S. LUGO, A MARIÑA E MONFORTE","0","128","0%"
2020-07-13,"A.S. OURENSE, VERÍN E O BARCO","0","852","0%"
2020-07-13,"A.S. PONTEVEDRA E O SALNÉS","0","197","0%"
2020-07-13,"A.S. SANTIAGO E BARBANZA","0","151","0%"
2020-07-13,"A.S. VIGO","1","432","0,23%"
2020-07-13,"GALICIA","3","2.621","0,11%"
2020-07-14,"A.S. A CORUÑA E CEE","2","570","0,35%"
2020-07-14,"A.S. FERROL","0","221","0%"
2020-07-14,"A.S. LUGO, A MARIÑA E MONFORTE","2","321","0,62%"
2020-07-14,"A.S. OURENSE, VERÍN E O BARCO","0","741","0%"
2020-07-14,"A.S. PONTEVEDRA E O SALNÉS","0","315","0%"
2020-07-14,"A.S. SANTIAGO E BARBANZA","0","275","0%"
2020-07-14,"A.S. VIGO","3","330","0,91%"
2020-07-14,"GALICIA","7","2.773","0,25%"
2020-07-15,"A.S. A CORUÑA E CEE","3","698","0,43%"
2020-07-15,"A.S. FERROL","0","109","0%"
2020-07-15,"A.S. LUGO, A MARIÑA E MONFORTE","3","351","0,85%"
2020-07-15,"A.S. OURENSE, VERÍN E O BARCO","0","661","0%"
2020-07-15,"A.S. PONTEVEDRA E O SALNÉS","1","219","0,46%"
2020-07-15,"A.S. SANTIAGO E BARBANZA","1","203","0,49%"
2020-07-15,"A.S. VIGO","1","432","0,23%"
2020-07-15,"GALICIA","9","2.673","0,34%"
2020-07-16,"A.S. A CORUÑA E CEE","8","882","0,91%"
2020-07-16,"A.S. FERROL","0","64","0%"
2020-07-16,"A.S. LUGO, A MARIÑA E MONFORTE","5","584","0,86%"
2020-07-16,"A.S. OURENSE, VERÍN E O BARCO","0","100","0%"
2020-07-16,"A.S. PONTEVEDRA E O SALNÉS","0","201","0%"
2020-07-16,"A.S. SANTIAGO E BARBANZA","1","212","0,47%"
2020-07-16,"A.S. VIGO","1","463","0,22%"
2020-07-16,"GALICIA","15","2.506","0,6%"
2020-07-17,"A.S. A CORUÑA E CEE","1","639","0,16%"
2020-07-17,"A.S. FERROL","0","48","0%"
2020-07-17,"A.S. LUGO, A MARIÑA E MONFORTE","3","351","0,85%"
2020-07-17,"A.S. OURENSE, VERÍN E O BARCO","1","113","0,88%"
2020-07-17,"A.S. PONTEVEDRA E O SALNÉS","0","237","0%"
2020-07-17,"A.S. SANTIAGO E BARBANZA","0","158","0%"
2020-07-17,"A.S. VIGO","1","408","0,25%"
2020-07-17,"GALICIA","6","1.954","0,31%"
2020-07-18,"A.S. A CORUÑA E CEE","2","546","0,37%"
2020-07-18,"A.S. FERROL","0","106","0%"
2020-07-18,"A.S. LUGO, A MARIÑA E MONFORTE","1","147","0,68%"
2020-07-18,"A.S. OURENSE, VERÍN E O BARCO","0","95","0%"
2020-07-18,"A.S. PONTEVEDRA E O SALNÉS","0","110","0%"
2020-07-18,"A.S. SANTIAGO E BARBANZA","0","267","0%"
2020-07-18,"A.S. VIGO","0","206","0%"
2020-07-18,"GALICIA","3","1.477","0,2%"
2020-07-19,"A.S. A CORUÑA E CEE","1","275","0,36%"
2020-07-19,"A.S. FERROL","0","67","0%"
2020-07-19,"A.S. LUGO, A MARIÑA E MONFORTE","3","179","1,68%"
2020-07-19,"A.S. OURENSE, VERÍN E O BARCO","0","87","0%"
2020-07-19,"A.S. PONTEVEDRA E O SALNÉS","0","81","0%"
2020-07-19,"A.S. SANTIAGO E BARBANZA","1","107","0,93%"
2020-07-19,"A.S. VIGO","1","128","0,78%"
2020-07-19,"GALICIA","6","924","0,65%"
2020-07-20,"A.S. A CORUÑA E CEE","0","289","0%"
2020-07-20,"A.S. FERROL","0","109","0%"
2020-07-20,"A.S. LUGO, A MARIÑA E MONFORTE","4","198","2,02%"
2020-07-20,"A.S. OURENSE, VERÍN E O BARCO","0","133","0%"
2020-07-20,"A.S. PONTEVEDRA E O SALNÉS","1","112","0,89%"
2020-07-20,"A.S. SANTIAGO E BARBANZA","2","145","1,38%"
2020-07-20,"A.S. VIGO","1","273","0,37%"
2020-07-20,"GALICIA","8","1.259","0,64%"
2020-07-21,"A.S. A CORUÑA E CEE","8","631","1,27%"
2020-07-21,"A.S. FERROL","0","105","0%"
2020-07-21,"A.S. LUGO, A MARIÑA E MONFORTE","3","173","1,73%"
2020-07-21,"A.S. OURENSE, VERÍN E O BARCO","0","168","0%"
2020-07-21,"A.S. PONTEVEDRA E O SALNÉS","1","143","0,7%"
2020-07-21,"A.S. SANTIAGO E BARBANZA","0","293","0%"
2020-07-21,"A.S. VIGO","9","297","3,03%"
2020-07-21,"GALICIA","21","1.810","1,16%"
2020-07-22,"A.S. A CORUÑA E CEE","2","424","0,47%"
2020-07-22,"A.S. FERROL","0","151","0%"
2020-07-22,"A.S. LUGO, A MARIÑA E MONFORTE","5","374","1,34%"
2020-07-22,"A.S. OURENSE, VERÍN E O BARCO","0","115","0%"
2020-07-22,"A.S. PONTEVEDRA E O SALNÉS","1","144","0,69%"
2020-07-22,"A.S. SANTIAGO E BARBANZA","0","200","0%"
2020-07-22,"A.S. VIGO","2","391","0,51%"
2020-07-22,"GALICIA","10","1.799","0,56%"
2020-07-23,"A.S. A CORUÑA E CEE","12","418","2,87%"
2020-07-23,"A.S. FERROL","0","96","0%"
2020-07-23,"A.S. LUGO, A MARIÑA E MONFORTE","10","149","6,71%"
2020-07-23,"A.S. OURENSE, VERÍN E O BARCO","0","87","0%"
2020-07-23,"A.S. PONTEVEDRA E O SALNÉS","3","107","2,8%"
2020-07-23,"A.S. SANTIAGO E BARBANZA","0","173","0%"
2020-07-23,"A.S. VIGO","4","471","0,85%"
2020-07-23,"GALICIA","29","1.501","1,93%"
2020-07-24,"A.S. A CORUÑA E CEE","8","265","3,02%"
2020-07-24,"A.S. FERROL","0","103","0%"
2020-07-24,"A.S. LUGO, A MARIÑA E MONFORTE","8","129","6,2%"
2020-07-24,"A.S. OURENSE, VERÍN E O BARCO","2","137","1,46%"
2020-07-24,"A.S. PONTEVEDRA E O SALNÉS","6","105","5,71%"
2020-07-24,"A.S. SANTIAGO E BARBANZA","0","189","0%"
2020-07-24,"A.S. VIGO","3","407","0,74%"
2020-07-24,"GALICIA","27","1.335","2,02%"
2020-07-25,"A.S. A CORUÑA E CEE","4","329","1,22%"
2020-07-25,"A.S. FERROL","0","61","0%"
2020-07-25,"A.S. LUGO, A MARIÑA E MONFORTE","7","304","2,3%"
2020-07-25,"A.S. OURENSE, VERÍN E O BARCO","0","91","0%"
2020-07-25,"A.S. PONTEVEDRA E O SALNÉS","1","116","0,86%"
2020-07-25,"A.S. SANTIAGO E BARBANZA","4","140","2,86%"
2020-07-25,"A.S. VIGO","9","206","4,37%"
2020-07-25,"GALICIA","25","1.247","2%"
2020-07-26,"A.S. A CORUÑA E CEE","6","218","2,75%"
2020-07-26,"A.S. FERROL","0","54","0%"
2020-07-26,"A.S. LUGO, A MARIÑA E MONFORTE","1","54","1,85%"
2020-07-26,"A.S. OURENSE, VERÍN E O BARCO","0","69","0%"
2020-07-26,"A.S. PONTEVEDRA E O SALNÉS","1","83","1,2%"
2020-07-26,"A.S. SANTIAGO E BARBANZA","4","138","2,9%"
2020-07-26,"A.S. VIGO","2","145","1,38%"
2020-07-26,"GALICIA","14","761","1,84%"
2020-07-27,"A.S. A CORUÑA E CEE","2","227","0,88%"
2020-07-27,"A.S. FERROL","1","120","0,83%"
2020-07-27,"A.S. LUGO, A MARIÑA E MONFORTE","0","135","0%"
2020-07-27,"A.S. OURENSE, VERÍN E O BARCO","0","141","0%"
2020-07-27,"A.S. PONTEVEDRA E O SALNÉS","0","83","0%"
2020-07-27,"A.S. SANTIAGO E BARBANZA","3","213","1,41%"
2020-07-27,"A.S. VIGO","2","348","0,57%"
2020-07-27,"GALICIA","8","1.267","0,63%"
2020-07-28,"A.S. A CORUÑA E CEE","9","368","2,45%"
2020-07-28,"A.S. FERROL","0","120","0%"
2020-07-28,"A.S. LUGO, A MARIÑA E MONFORTE","0","185","0%"
2020-07-28,"A.S. OURENSE, VERÍN E O BARCO","1","147","0,68%"
2020-07-28,"A.S. PONTEVEDRA E O SALNÉS","1","165","0,61%"
2020-07-28,"A.S. SANTIAGO E BARBANZA","6","318","1,89%"
2020-07-28,"A.S. VIGO","4","476","0,84%"
2020-07-28,"GALICIA","21","1.779","1,18%"
2020-07-29,"A.S. A CORUÑA E CEE","12","446","2,69%"
2020-07-29,"A.S. FERROL","1","136","0,74%"
2020-07-29,"A.S. LUGO, A MARIÑA E MONFORTE","1","194","0,52%"
2020-07-29,"A.S. OURENSE, VERÍN E O BARCO","2","101","1,98%"
2020-07-29,"A.S. PONTEVEDRA E O SALNÉS","2","133","1,5%"
2020-07-29,"A.S. SANTIAGO E BARBANZA","3","233","1,29%"
2020-07-29,"A.S. VIGO","0","372","0%"
2020-07-29,"GALICIA","21","1.615","1,3%"
2020-07-30,"A.S. A CORUÑA E CEE","15","423","3,55%"
2020-07-30,"A.S. FERROL","0","99","0%"
2020-07-30,"A.S. LUGO, A MARIÑA E MONFORTE","2","134","1,49%"
2020-07-30,"A.S. OURENSE, VERÍN E O BARCO","6","160","3,75%"
2020-07-30,"A.S. PONTEVEDRA E O SALNÉS","2","156","1,28%"
2020-07-30,"A.S. SANTIAGO E BARBANZA","1","261","0,38%"
2020-07-30,"A.S. VIGO","4","357","1,12%"
2020-07-30,"GALICIA","30","1.590","1,89%"
2020-07-31,"A.S. A CORUÑA E CEE","26","573","4,54%"
2020-07-31,"A.S. FERROL","0","90","0%"
2020-07-31,"A.S. LUGO, A MARIÑA E MONFORTE","0","138","0%"
2020-07-31,"A.S. OURENSE, VERÍN E O BARCO","2","150","1,33%"
2020-07-31,"A.S. PONTEVEDRA E O SALNÉS","1","144","0,69%"
2020-07-31,"A.S. SANTIAGO E BARBANZA","0","241","0%"
2020-07-31,"A.S. VIGO","9","319","2,82%"
2020-07-31,"GALICIA","38","1.655","2,3%"
2020-08-01,"A.S. A CORUÑA E CEE","14","412","3,4%"
2020-08-01,"A.S. FERROL","1","119","0,84%"
2020-08-01,"A.S. LUGO, A MARIÑA E MONFORTE","5","146","3,42%"
2020-08-01,"A.S. OURENSE, VERÍN E O BARCO","5","114","4,39%"
2020-08-01,"A.S. PONTEVEDRA E O SALNÉS","0","111","0%"
2020-08-01,"A.S. SANTIAGO E BARBANZA","1","263","0,38%"
2020-08-01,"A.S. VIGO","2","174","1,15%"
2020-08-01,"GALICIA","28","1.339","2,09%"
2020-08-02,"A.S. A CORUÑA E CEE","15","278","5,4%"
2020-08-02,"A.S. FERROL","0","60","0%"
2020-08-02,"A.S. LUGO, A MARIÑA E MONFORTE","0","63","0%"
2020-08-02,"A.S. OURENSE, VERÍN E O BARCO","6","83","7,23%"
2020-08-02,"A.S. PONTEVEDRA E O SALNÉS","4","109","3,67%"
2020-08-02,"A.S. SANTIAGO E BARBANZA","1","144","0,69%"
2020-08-02,"A.S. VIGO","5","166","3,01%"
2020-08-02,"GALICIA","31","903","3,43%"
2020-08-03,"A.S. A CORUÑA E CEE","12","332","3,61%"
2020-08-03,"A.S. FERROL","1","117","0,85%"
2020-08-03,"A.S. LUGO, A MARIÑA E MONFORTE","3","147","2,04%"
2020-08-03,"A.S. OURENSE, VERÍN E O BARCO","1","152","0,66%"
2020-08-03,"A.S. PONTEVEDRA E O SALNÉS","2","101","1,98%"
2020-08-03,"A.S. SANTIAGO E BARBANZA","1","214","0,47%"
2020-08-03,"A.S. VIGO","6","265","2,26%"
2020-08-03,"GALICIA","26","1.328","1,96%"
2020-08-04,"A.S. A CORUÑA E CEE","19","482","3,94%"
2020-08-04,"A.S. FERROL","1","206","0,49%"
2020-08-04,"A.S. LUGO, A MARIÑA E MONFORTE","5","141","3,55%"
2020-08-04,"A.S. OURENSE, VERÍN E O BARCO","1","179","0,56%"
2020-08-04,"A.S. PONTEVEDRA E O SALNÉS","4","162","2,47%"
2020-08-04,"A.S. SANTIAGO E BARBANZA","4","273","1,47%"
2020-08-04,"A.S. VIGO","6","399","1,5%"
2020-08-04,"GALICIA","40","1.842","2,17%"
2020-08-05,"A.S. A CORUÑA E CEE","14","430","3,26%"
2020-08-05,"A.S. FERROL","0","139","0%"
2020-08-05,"A.S. LUGO, A MARIÑA E MONFORTE","6","246","2,44%"
2020-08-05,"A.S. OURENSE, VERÍN E O BARCO","4","168","2,38%"
2020-08-05,"A.S. PONTEVEDRA E O SALNÉS","8","148","5,41%"
2020-08-05,"A.S. SANTIAGO E BARBANZA","5","369","1,36%"
2020-08-05,"A.S. VIGO","9","437","2,06%"
2020-08-05,"GALICIA","46","1.937","2,37%"
2020-08-06,"A.S. A CORUÑA E CEE","59","518","11,39%"
2020-08-06,"A.S. FERROL","2","115","1,74%"
2020-08-06,"A.S. LUGO, A MARIÑA E MONFORTE","5","148","3,38%"
2020-08-06,"A.S. OURENSE, VERÍN E O BARCO","3","176","1,7%"
2020-08-06,"A.S. PONTEVEDRA E O SALNÉS","0","159","0%"
2020-08-06,"A.S. SANTIAGO E BARBANZA","3","132","2,27%"
2020-08-06,"A.S. VIGO","8","356","2,25%"
2020-08-06,"GALICIA","80","1.604","4,99%"
2020-08-07,"A.S. A CORUÑA E CEE","65","432","15,05%"
2020-08-07,"A.S. FERROL","0","125","0%"
2020-08-07,"A.S. LUGO, A MARIÑA E MONFORTE","9","162","5,56%"
2020-08-07,"A.S. OURENSE, VERÍN E O BARCO","6","164","3,66%"
2020-08-07,"A.S. PONTEVEDRA E O SALNÉS","1","142","0,7%"
2020-08-07,"A.S. SANTIAGO E BARBANZA","5","324","1,54%"
2020-08-07,"A.S. VIGO","8","436","1,83%"
2020-08-07,"GALICIA","94","1.785","5,27%"
2020-08-08,"A.S. A CORUÑA E CEE","54","459","11,76%"
2020-08-08,"A.S. FERROL","1","92","1,09%"
2020-08-08,"A.S. LUGO, A MARIÑA E MONFORTE","11","163","6,75%"
2020-08-08,"A.S. OURENSE, VERÍN E O BARCO","4","130","3,08%"
2020-08-08,"A.S. PONTEVEDRA E O SALNÉS","1","168","0,6%"
2020-08-08,"A.S. SANTIAGO E BARBANZA","3","287","1,05%"
2020-08-08,"A.S. VIGO","6","226","2,65%"
2020-08-08,"GALICIA","80","1.525","5,25%"
2020-08-09,"A.S. A CORUÑA E CEE","56","456","12,28%"
2020-08-09,"A.S. FERROL","2","70","2,86%"
2020-08-09,"A.S. LUGO, A MARIÑA E MONFORTE","3","74","4,05%"
2020-08-09,"A.S. OURENSE, VERÍN E O BARCO","4","93","4,3%"
2020-08-09,"A.S. PONTEVEDRA E O SALNÉS","1","94","1,06%"
2020-08-09,"A.S. SANTIAGO E BARBANZA","4","202","1,98%"
2020-08-09,"A.S. VIGO","5","229","2,18%"
2020-08-09,"GALICIA","75","1.218","6,16%"
2020-08-10,"A.S. A CORUÑA E CEE","38","368","10,33%"
2020-08-10,"A.S. FERROL","8","158","5,06%"
2020-08-10,"A.S. LUGO, A MARIÑA E MONFORTE","8","157","5,1%"
2020-08-10,"A.S. OURENSE, VERÍN E O BARCO","3","169","1,78%"
2020-08-10,"A.S. PONTEVEDRA E O SALNÉS","2","120","1,67%"
2020-08-10,"A.S. SANTIAGO E BARBANZA","1","250","0,4%"
2020-08-10,"A.S. VIGO","23","433","5,31%"
2020-08-10,"GALICIA","83","1.655","5,02%"
2020-08-11,"A.S. A CORUÑA E CEE","66","641","10,3%"
2020-08-11,"A.S. FERROL","10","177","5,65%"
2020-08-11,"A.S. LUGO, A MARIÑA E MONFORTE","14","326","4,29%"
2020-08-11,"A.S. OURENSE, VERÍN E O BARCO","10","217","4,61%"
2020-08-11,"A.S. PONTEVEDRA E O SALNÉS","6","201","2,99%"
2020-08-11,"A.S. SANTIAGO E BARBANZA","6","382","1,57%"
2020-08-11,"A.S. VIGO","8","637","1,26%"
2020-08-11,"GALICIA","120","2.581","4,65%"
2020-08-12,"A.S. A CORUÑA E CEE","79","802","9,85%"
2020-08-12,"A.S. FERROL","4","193","2,07%"
2020-08-12,"A.S. LUGO, A MARIÑA E MONFORTE","9","306","2,94%"
2020-08-12,"A.S. OURENSE, VERÍN E O BARCO","9","260","3,46%"
2020-08-12,"A.S. PONTEVEDRA E O SALNÉS","2","180","1,11%"
2020-08-12,"A.S. SANTIAGO E BARBANZA","3","363","0,83%"
2020-08-12,"A.S. VIGO","14","574","2,44%"
2020-08-12,"GALICIA","120","2.678","4,48%"
2020-08-13,"A.S. A CORUÑA E CEE","97","847","11,45%"
2020-08-13,"A.S. FERROL","7","237","2,95%"
2020-08-13,"A.S. LUGO, A MARIÑA E MONFORTE","12","364","3,3%"
2020-08-13,"A.S. OURENSE, VERÍN E O BARCO","8","261","3,07%"
2020-08-13,"A.S. PONTEVEDRA E O SALNÉS","4","179","2,23%"
2020-08-13,"A.S. SANTIAGO E BARBANZA","6","289","2,08%"
2020-08-13,"A.S. VIGO","9","563","1,6%"
2020-08-13,"GALICIA","143","2.740","5,22%"
2020-08-14,"A.S. A CORUÑA E CEE","91","703","12,94%"
2020-08-14,"A.S. FERROL","11","268","4,1%"
2020-08-14,"A.S. LUGO, A MARIÑA E MONFORTE","5","269","1,86%"
2020-08-14,"A.S. OURENSE, VERÍN E O BARCO","12","201","5,97%"
2020-08-14,"A.S. PONTEVEDRA E O SALNÉS","7","165","4,24%"
2020-08-14,"A.S. SANTIAGO E BARBANZA","10","324","3,09%"
2020-08-14,"A.S. VIGO","8","644","1,24%"
2020-08-14,"GALICIA","144","2.574","5,59%"
2020-08-15,"A.S. A CORUÑA E CEE","97","993","9,77%"
2020-08-15,"A.S. FERROL","3","185","1,62%"
2020-08-15,"A.S. LUGO, A MARIÑA E MONFORTE","5","186","2,69%"
2020-08-15,"A.S. OURENSE, VERÍN E O BARCO","21","229","9,17%"
2020-08-15,"A.S. PONTEVEDRA E O SALNÉS","10","307","3,26%"
2020-08-15,"A.S. SANTIAGO E BARBANZA","6","292","2,05%"
2020-08-15,"A.S. VIGO","8","291","2,75%"
2020-08-15,"GALICIA","150","2.483","6,04%"
2020-08-16,"A.S. A CORUÑA E CEE","77","620","12,42%"
2020-08-16,"A.S. FERROL","4","109","3,67%"
2020-08-16,"A.S. LUGO, A MARIÑA E MONFORTE","8","132","6,06%"
2020-08-16,"A.S. OURENSE, VERÍN E O BARCO","23","205","11,22%"
2020-08-16,"A.S. PONTEVEDRA E O SALNÉS","2","156","1,28%"
2020-08-16,"A.S. SANTIAGO E BARBANZA","8","191","4,19%"
2020-08-16,"A.S. VIGO","5","215","2,33%"
2020-08-16,"GALICIA","127","1.628","7,8%"
2020-08-17,"A.S. A CORUÑA E CEE","64","579","11,05%"
2020-08-17,"A.S. FERROL","8","179","4,47%"
2020-08-17,"A.S. LUGO, A MARIÑA E MONFORTE","10","178","5,62%"
2020-08-17,"A.S. OURENSE, VERÍN E O BARCO","13","193","6,74%"
2020-08-17,"A.S. PONTEVEDRA E O SALNÉS","4","164","2,44%"
2020-08-17,"A.S. SANTIAGO E BARBANZA","8","402","1,99%"
2020-08-17,"A.S. VIGO","4","477","0,84%"
2020-08-17,"GALICIA","111","2.172","5,11%"
2020-08-18,"A.S. A CORUÑA E CEE","67","1.058","6,33%"
2020-08-18,"A.S. FERROL","11","246","4,47%"
2020-08-18,"A.S. LUGO, A MARIÑA E MONFORTE","26","270","9,63%"
2020-08-18,"A.S. OURENSE, VERÍN E O BARCO","14","319","4,39%"
2020-08-18,"A.S. PONTEVEDRA E O SALNÉS","13","254","5,12%"
2020-08-18,"A.S. SANTIAGO E BARBANZA","29","417","6,95%"
2020-08-18,"A.S. VIGO","9","674","1,34%"
2020-08-18,"GALICIA","169","3.238","5,22%"
2020-08-19,"A.S. A CORUÑA E CEE","88","1.019","8,64%"
2020-08-19,"A.S. FERROL","10","322","3,11%"
2020-08-19,"A.S. LUGO, A MARIÑA E MONFORTE","36","350","10,29%"
2020-08-19,"A.S. OURENSE, VERÍN E O BARCO","15","352","4,26%"
2020-08-19,"A.S. PONTEVEDRA E O SALNÉS","3","249","1,2%"
2020-08-19,"A.S. SANTIAGO E BARBANZA","27","487","5,54%"
2020-08-19,"A.S. VIGO","10","485","2,06%"
2020-08-19,"GALICIA","189","3.264","5,79%"
2020-08-20,"A.S. A CORUÑA E CEE","88","1.441","6,11%"
2020-08-20,"A.S. FERROL","13","267","4,87%"
2020-08-20,"A.S. LUGO, A MARIÑA E MONFORTE","92","612","15,03%"
2020-08-20,"A.S. OURENSE, VERÍN E O BARCO","26","369","7,05%"
2020-08-20,"A.S. PONTEVEDRA E O SALNÉS","11","255","4,31%"
2020-08-20,"A.S. SANTIAGO E BARBANZA","26","876","2,97%"
2020-08-20,"A.S. VIGO","15","625","2,4%"
2020-08-20,"GALICIA","271","4.445","6,1%"
2020-08-21,"A.S. A CORUÑA E CEE","104","1.575","6,6%"
2020-08-21,"A.S. FERROL","7","192","3,65%"
2020-08-21,"A.S. LUGO, A MARIÑA E MONFORTE","39","470","8,3%"
2020-08-21,"A.S. OURENSE, VERÍN E O BARCO","12","312","3,85%"
2020-08-21,"A.S. PONTEVEDRA E O SALNÉS","17","284","5,99%"
2020-08-21,"A.S. SANTIAGO E BARBANZA","46","931","4,94%"
2020-08-21,"A.S. VIGO","10","611","1,64%"
2020-08-21,"GALICIA","235","4.375","5,37%"
2020-08-22,"A.S. A CORUÑA E CEE","86","1.281","6,71%"
2020-08-22,"A.S. FERROL","9","327","2,75%"
2020-08-22,"A.S. LUGO, A MARIÑA E MONFORTE","31","389","7,97%"
2020-08-22,"A.S. OURENSE, VERÍN E O BARCO","12","188","6,38%"
2020-08-22,"A.S. PONTEVEDRA E O SALNÉS","34","305","11,15%"
2020-08-22,"A.S. SANTIAGO E BARBANZA","34","566","6,01%"
2020-08-22,"A.S. VIGO","15","318","4,72%"
2020-08-22,"GALICIA","221","3.374","6,55%"
2020-08-23,"A.S. A CORUÑA E CEE","63","732","8,61%"
2020-08-23,"A.S. FERROL","7","191","3,66%"
2020-08-23,"A.S. LUGO, A MARIÑA E MONFORTE","37","253","14,62%"
2020-08-23,"A.S. OURENSE, VERÍN E O BARCO","17","244","6,97%"
2020-08-23,"A.S. PONTEVEDRA E O SALNÉS","9","146","6,16%"
2020-08-23,"A.S. SANTIAGO E BARBANZA","61","807","7,56%"
2020-08-23,"A.S. VIGO","11","348","3,16%"
2020-08-23,"GALICIA","205","2.721","7,53%"
2020-08-24,"A.S. A CORUÑA E CEE","45","686","6,56%"
2020-08-24,"A.S. FERROL","6","225","2,67%"
2020-08-24,"A.S. LUGO, A MARIÑA E MONFORTE","20","266","7,52%"
2020-08-24,"A.S. OURENSE, VERÍN E O BARCO","16","220","7,27%"
2020-08-24,"A.S. PONTEVEDRA E O SALNÉS","13","210","6,19%"
2020-08-24,"A.S. SANTIAGO E BARBANZA","58","469","12,37%"
2020-08-24,"A.S. VIGO","16","618","2,59%"
2020-08-24,"GALICIA","174","2.694","6,46%"
2020-08-25,"A.S. A CORUÑA E CEE","79","1.486","5,32%"
2020-08-25,"A.S. FERROL","6","270","2,22%"
2020-08-25,"A.S. LUGO, A MARIÑA E MONFORTE","107","553","19,35%"
2020-08-25,"A.S. OURENSE, VERÍN E O BARCO","27","377","7,16%"
2020-08-25,"A.S. PONTEVEDRA E O SALNÉS","16","326","4,91%"
2020-08-25,"A.S. SANTIAGO E BARBANZA","63","1.120","5,63%"
2020-08-25,"A.S. VIGO","23","782","2,94%"
2020-08-25,"GALICIA","321","4.914","6,53%"
2020-08-26,"A.S. A CORUÑA E CEE","74","1.517","4,88%"
2020-08-26,"A.S. FERROL","15","252","5,95%"
2020-08-26,"A.S. LUGO, A MARIÑA E MONFORTE","63","566","11,13%"
2020-08-26,"A.S. OURENSE, VERÍN E O BARCO","30","390","7,69%"
2020-08-26,"A.S. PONTEVEDRA E O SALNÉS","15","373","4,02%"
2020-08-26,"A.S. SANTIAGO E BARBANZA","43","645","6,67%"
2020-08-26,"A.S. VIGO","9","741","1,21%"
2020-08-26,"GALICIA","249","4.484","5,55%"
2020-08-27,"A.S. A CORUÑA E CEE","106","1.449","7,32%"
2020-08-27,"A.S. FERROL","9","258","3,49%"
2020-08-27,"A.S. LUGO, A MARIÑA E MONFORTE","59","601","9,82%"
2020-08-27,"A.S. OURENSE, VERÍN E O BARCO","25","424","5,9%"
2020-08-27,"A.S. PONTEVEDRA E O SALNÉS","19","354","5,37%"
2020-08-27,"A.S. SANTIAGO E BARBANZA","30","853","3,52%"
2020-08-27,"A.S. VIGO","26","815","3,19%"
2020-08-27,"GALICIA","274","4.754","5,76%"
2020-08-28,"A.S. A CORUÑA E CEE","120","1.496","8,02%"
2020-08-28,"A.S. FERROL","12","237","5,06%"
2020-08-28,"A.S. LUGO, A MARIÑA E MONFORTE","86","746","11,53%"
2020-08-28,"A.S. OURENSE, VERÍN E O BARCO","32","433","7,39%"
2020-08-28,"A.S. PONTEVEDRA E O SALNÉS","19","405","4,69%"
2020-08-28,"A.S. SANTIAGO E BARBANZA","42","970","4,33%"
2020-08-28,"A.S. VIGO","24","735","3,27%"
2020-08-28,"GALICIA","335","5.022","6,67%"
2020-08-29,"A.S. A CORUÑA E CEE","79","1.108","7,13%"
2020-08-29,"A.S. FERROL","6","228","2,63%"
2020-08-29,"A.S. LUGO, A MARIÑA E MONFORTE","78","789","9,89%"
2020-08-29,"A.S. OURENSE, VERÍN E O BARCO","28","475","5,89%"
2020-08-29,"A.S. PONTEVEDRA E O SALNÉS","17","320","5,31%"
2020-08-29,"A.S. SANTIAGO E BARBANZA","66","825","8%"
2020-08-29,"A.S. VIGO","16","277","5,78%"
2020-08-29,"GALICIA","290","4.022","7,21%"
2020-08-30,"A.S. A CORUÑA E CEE","81","984","8,23%"
2020-08-30,"A.S. FERROL","12","208","5,77%"
2020-08-30,"A.S. LUGO, A MARIÑA E MONFORTE","60","986","6,09%"
2020-08-30,"A.S. OURENSE, VERÍN E O BARCO","19","382","4,97%"
2020-08-30,"A.S. PONTEVEDRA E O SALNÉS","15","280","5,36%"
2020-08-30,"A.S. SANTIAGO E BARBANZA","47","516","9,11%"
2020-08-30,"A.S. VIGO","31","666","4,65%"
2020-08-30,"GALICIA","265","4.022","6,59%"
2020-08-31,"A.S. A CORUÑA E CEE","64","964","6,64%"
2020-08-31,"A.S. FERROL","14","536","2,61%"
2020-08-31,"A.S. LUGO, A MARIÑA E MONFORTE","21","380","5,53%"
2020-08-31,"A.S. OURENSE, VERÍN E O BARCO","23","485","4,74%"
2020-08-31,"A.S. PONTEVEDRA E O SALNÉS","10","272","3,68%"
2020-08-31,"A.S. SANTIAGO E BARBANZA","37","384","9,64%"
2020-08-31,"A.S. VIGO","9","489","1,84%"
2020-08-31,"GALICIA","178","3.510","5,07%"
2020-09-01,"A.S. A CORUÑA E CEE","58","1.440","4,03%"
2020-09-01,"A.S. FERROL","11","244","4,51%"
2020-09-01,"A.S. LUGO, A MARIÑA E MONFORTE","41","633","6,48%"
2020-09-01,"A.S. OURENSE, VERÍN E O BARCO","27","470","5,74%"
2020-09-01,"A.S. PONTEVEDRA E O SALNÉS","30","318","9,43%"
2020-09-01,"A.S. SANTIAGO E BARBANZA","48","911","5,27%"
2020-09-01,"A.S. VIGO","35","857","4,08%"
2020-09-01,"GALICIA","250","4.873","5,13%"
2020-09-02,"A.S. A CORUÑA E CEE","86","1.357","6,34%"
2020-09-02,"A.S. FERROL","12","270","4,44%"
2020-09-02,"A.S. LUGO, A MARIÑA E MONFORTE","46","661","6,96%"
2020-09-02,"A.S. OURENSE, VERÍN E O BARCO","31","452","6,86%"
2020-09-02,"A.S. PONTEVEDRA E O SALNÉS","21","378","5,56%"
2020-09-02,"A.S. SANTIAGO E BARBANZA","42","877","4,79%"
2020-09-02,"A.S. VIGO","39","1.210","3,22%"
2020-09-02,"GALICIA","277","5.205","5,32%"
2020-09-03,"A.S. A CORUÑA E CEE","95","1.396","6,81%"
2020-09-03,"A.S. FERROL","8","257","3,11%"
2020-09-03,"A.S. LUGO, A MARIÑA E MONFORTE","32","519","6,17%"
2020-09-03,"A.S. OURENSE, VERÍN E O BARCO","29","444","6,53%"
2020-09-03,"A.S. PONTEVEDRA E O SALNÉS","30","295","10,17%"
2020-09-03,"A.S. SANTIAGO E BARBANZA","39","794","4,91%"
2020-09-03,"A.S. VIGO","20","1.047","1,91%"
2020-09-03,"GALICIA","253","4.752","5,32%"
2020-09-04,"A.S. A CORUÑA E CEE","81","1.403","5,77%"
2020-09-04,"A.S. FERROL","8","254","3,15%"
2020-09-04,"A.S. LUGO, A MARIÑA E MONFORTE","39","618","6,31%"
2020-09-04,"A.S. OURENSE, VERÍN E O BARCO","31","392","7,91%"
2020-09-04,"A.S. PONTEVEDRA E O SALNÉS","25","339","7,37%"
2020-09-04,"A.S. SANTIAGO E BARBANZA","23","538","4,28%"
2020-09-04,"A.S. VIGO","27","1.029","2,62%"
2020-09-04,"GALICIA","234","4.573","5,12%"
2020-09-05,"A.S. A CORUÑA E CEE","77","1.371","5,62%"
2020-09-05,"A.S. FERROL","17","238","7,14%"
2020-09-05,"A.S. LUGO, A MARIÑA E MONFORTE","46","467","9,85%"
2020-09-05,"A.S. OURENSE, VERÍN E O BARCO","30","546","5,49%"
2020-09-05,"A.S. PONTEVEDRA E O SALNÉS","30","364","8,24%"
2020-09-05,"A.S. SANTIAGO E BARBANZA","50","600","8,33%"
2020-09-05,"A.S. VIGO","15","636","2,36%"
2020-09-05,"GALICIA","265","4.222","6,28%"
2020-09-06,"A.S. A CORUÑA E CEE","61","1.087","5,61%"
2020-09-06,"A.S. FERROL","11","155","7,1%"
2020-09-06,"A.S. LUGO, A MARIÑA E MONFORTE","31","454","6,83%"
2020-09-06,"A.S. OURENSE, VERÍN E O BARCO","29","278","10,43%"
2020-09-06,"A.S. PONTEVEDRA E O SALNÉS","41","253","16,21%"
2020-09-06,"A.S. SANTIAGO E BARBANZA","29","618","4,69%"
2020-09-06,"A.S. VIGO","9","441","2,04%"
2020-09-06,"GALICIA","211","3.286","6,42%"
2020-09-07,"A.S. A CORUÑA E CEE","31","715","4,34%"
2020-09-07,"A.S. FERROL","11","219","5,02%"
2020-09-07,"A.S. LUGO, A MARIÑA E MONFORTE","116","443","26,19%"
2020-09-07,"A.S. OURENSE, VERÍN E O BARCO","11","230","4,78%"
2020-09-07,"A.S. PONTEVEDRA E O SALNÉS","18","321","5,61%"
2020-09-07,"A.S. SANTIAGO E BARBANZA","21","480","4,38%"
2020-09-07,"A.S. VIGO","12","725","1,66%"
2020-09-07,"GALICIA","220","3.133","7,02%"
2020-09-08,"A.S. A CORUÑA E CEE","57","1.094","5,21%"
2020-09-08,"A.S. FERROL","13","295","4,41%"
2020-09-08,"A.S. LUGO, A MARIÑA E MONFORTE","62","709","8,74%"
2020-09-08,"A.S. OURENSE, VERÍN E O BARCO","16","270","5,93%"
2020-09-08,"A.S. PONTEVEDRA E O SALNÉS","31","440","7,05%"
2020-09-08,"A.S. SANTIAGO E BARBANZA","53","765","6,93%"
2020-09-08,"A.S. VIGO","26","1.235","2,11%"
2020-09-08,"GALICIA","258","4.808","5,37%"
2020-09-09,"A.S. A CORUÑA E CEE","56","1.456","3,85%"
2020-09-09,"A.S. FERROL","7","280","2,5%"
2020-09-09,"A.S. LUGO, A MARIÑA E MONFORTE","37","571","6,48%"
2020-09-09,"A.S. OURENSE, VERÍN E O BARCO","45","553","8,14%"
2020-09-09,"A.S. PONTEVEDRA E O SALNÉS","20","432","4,63%"
2020-09-09,"A.S. SANTIAGO E BARBANZA","73","591","12,35%"
2020-09-09,"A.S. VIGO","25","668","3,74%"
2020-09-09,"GALICIA","263","4.551","5,78%"
2020-09-10,"A.S. A CORUÑA E CEE","76","1.245","6,1%"
2020-09-10,"A.S. FERROL","18","286","6,29%"
2020-09-10,"A.S. LUGO, A MARIÑA E MONFORTE","23","728","3,16%"
2020-09-10,"A.S. OURENSE, VERÍN E O BARCO","27","433","6,24%"
2020-09-10,"A.S. PONTEVEDRA E O SALNÉS","38","433","8,78%"
2020-09-10,"A.S. SANTIAGO E BARBANZA","48","671","7,15%"
2020-09-10,"A.S. VIGO","33","1.156","2,85%"
2020-09-10,"GALICIA","263","4.952","5,31%"
2020-09-11,"A.S. A CORUÑA E CEE","50","1.138","4,39%"
2020-09-11,"A.S. FERROL","12","275","4,36%"
2020-09-11,"A.S. LUGO, A MARIÑA E MONFORTE","62","689","9%"
2020-09-11,"A.S. OURENSE, VERÍN E O BARCO","15","501","2,99%"
2020-09-11,"A.S. PONTEVEDRA E O SALNÉS","25","397","6,3%"
2020-09-11,"A.S. SANTIAGO E BARBANZA","31","697","4,45%"
2020-09-11,"A.S. VIGO","18","1.065","1,69%"
2020-09-11,"GALICIA","213","4.762","4,47%"
2020-09-12,"A.S. A CORUÑA E CEE","51","957","5,33%"
2020-09-12,"A.S. FERROL","9","212","4,25%"
2020-09-12,"A.S. LUGO, A MARIÑA E MONFORTE","55","544","10,11%"
2020-09-12,"A.S. OURENSE, VERÍN E O BARCO","9","612","1,47%"
2020-09-12,"A.S. PONTEVEDRA E O SALNÉS","40","532","7,52%"
2020-09-12,"A.S. SANTIAGO E BARBANZA","21","553","3,8%"
2020-09-12,"A.S. VIGO","14","679","2,06%"
2020-09-12,"GALICIA","199","4.089","4,87%"
2020-09-13,"A.S. A CORUÑA E CEE","55","687","8,01%"
2020-09-13,"A.S. FERROL","7","180","3,89%"
2020-09-13,"A.S. LUGO, A MARIÑA E MONFORTE","20","379","5,28%"
2020-09-13,"A.S. OURENSE, VERÍN E O BARCO","47","478","9,83%"
2020-09-13,"A.S. PONTEVEDRA E O SALNÉS","57","297","19,19%"
2020-09-13,"A.S. SANTIAGO E BARBANZA","71","630","11,27%"
2020-09-13,"A.S. VIGO","17","377","4,51%"
2020-09-13,"GALICIA","274","3.028","9,05%"
2020-09-14,"A.S. A CORUÑA E CEE","32","712","4,49%"
2020-09-14,"A.S. FERROL","7","255","2,75%"
2020-09-14,"A.S. LUGO, A MARIÑA E MONFORTE","27","319","8,46%"
2020-09-14,"A.S. OURENSE, VERÍN E O BARCO","27","359","7,52%"
2020-09-14,"A.S. PONTEVEDRA E O SALNÉS","31","319","9,72%"
2020-09-14,"A.S. SANTIAGO E BARBANZA","49","651","7,53%"
2020-09-14,"A.S. VIGO","33","877","3,76%"
2020-09-14,"GALICIA","206","3.492","5,9%"
2020-09-15,"A.S. A CORUÑA E CEE","38","1.037","3,66%"
2020-09-15,"A.S. FERROL","17","308","5,52%"
2020-09-15,"A.S. LUGO, A MARIÑA E MONFORTE","24","491","4,89%"
2020-09-15,"A.S. OURENSE, VERÍN E O BARCO","24","410","5,85%"
2020-09-15,"A.S. PONTEVEDRA E O SALNÉS","21","378","5,56%"
2020-09-15,"A.S. SANTIAGO E BARBANZA","21","638","3,29%"
2020-09-15,"A.S. VIGO","19","773","2,46%"
2020-09-15,"GALICIA","164","4.035","4,06%"
2020-09-16,"A.S. A CORUÑA E CEE","60","1.222","4,91%"
2020-09-16,"A.S. FERROL","7","283","2,47%"
2020-09-16,"A.S. LUGO, A MARIÑA E MONFORTE","25","677","3,69%"
2020-09-16,"A.S. OURENSE, VERÍN E O BARCO","37","498","7,43%"
2020-09-16,"A.S. PONTEVEDRA E O SALNÉS","29","378","7,67%"
2020-09-16,"A.S. SANTIAGO E BARBANZA","29","748","3,88%"
2020-09-16,"A.S. VIGO","47","1.218","3,86%"
2020-09-16,"GALICIA","234","5.024","4,66%"
2020-09-17,"A.S. A CORUÑA E CEE","88","1.574","5,59%"
2020-09-17,"A.S. FERROL","12","450","2,67%"
2020-09-17,"A.S. LUGO, A MARIÑA E MONFORTE","29","512","5,66%"
2020-09-17,"A.S. OURENSE, VERÍN E O BARCO","40","479","8,35%"
2020-09-17,"A.S. PONTEVEDRA E O SALNÉS","49","508","9,65%"
2020-09-17,"A.S. SANTIAGO E BARBANZA","28","745","3,76%"
2020-09-17,"A.S. VIGO","41","1.376","2,98%"
2020-09-17,"GALICIA","287","5.644","5,09%"
2020-09-18,"A.S. A CORUÑA E CEE","53","1.361","3,89%"
2020-09-18,"A.S. FERROL","7","259","2,7%"
2020-09-18,"A.S. LUGO, A MARIÑA E MONFORTE","27","532","5,08%"
2020-09-18,"A.S. OURENSE, VERÍN E O BARCO","45","614","7,33%"
2020-09-18,"A.S. PONTEVEDRA E O SALNÉS","32","531","6,03%"
2020-09-18,"A.S. SANTIAGO E BARBANZA","39","596","6,54%"
2020-09-18,"A.S. VIGO","40","1.611","2,48%"
2020-09-18,"GALICIA","243","5.504","4,41%"
2020-09-19,"A.S. A CORUÑA E CEE","71","1.431","4,96%"
2020-09-19,"A.S. FERROL","12","248","4,84%"
2020-09-19,"A.S. LUGO, A MARIÑA E MONFORTE","14","455","3,08%"
2020-09-19,"A.S. OURENSE, VERÍN E O BARCO","29","560","5,18%"
2020-09-19,"A.S. PONTEVEDRA E O SALNÉS","22","414","5,31%"
2020-09-19,"A.S. SANTIAGO E BARBANZA","53","971","5,46%"
2020-09-19,"A.S. VIGO","41","703","5,83%"
2020-09-19,"GALICIA","242","4.782","5,06%"
2020-09-20,"A.S. A CORUÑA E CEE","28","837","3,35%"
2020-09-20,"A.S. FERROL","4","151","2,65%"
2020-09-20,"A.S. LUGO, A MARIÑA E MONFORTE","14","256","5,47%"
2020-09-20,"A.S. OURENSE, VERÍN E O BARCO","43","538","7,99%"
2020-09-20,"A.S. PONTEVEDRA E O SALNÉS","36","519","6,94%"
2020-09-20,"A.S. SANTIAGO E BARBANZA","35","979","3,58%"
2020-09-20,"A.S. VIGO","17","522","3,26%"
2020-09-20,"GALICIA","177","3.802","4,66%"
2020-09-21,"A.S. A CORUÑA E CEE","37","906","4,08%"
2020-09-21,"A.S. FERROL","12","234","5,13%"
2020-09-21,"A.S. LUGO, A MARIÑA E MONFORTE","17","325","5,23%"
2020-09-21,"A.S. OURENSE, VERÍN E O BARCO","35","364","9,62%"
2020-09-21,"A.S. PONTEVEDRA E O SALNÉS","52","616","8,44%"
2020-09-21,"A.S. SANTIAGO E BARBANZA","30","565","5,31%"
2020-09-21,"A.S. VIGO","45","786","5,73%"
2020-09-21,"GALICIA","228","3.796","6,01%"
2020-09-22,"A.S. A CORUÑA E CEE","58","1.687","3,44%"
2020-09-22,"A.S. FERROL","14","320","4,38%"
2020-09-22,"A.S. LUGO, A MARIÑA E MONFORTE","33","494","6,68%"
2020-09-22,"A.S. OURENSE, VERÍN E O BARCO","93","492","18,9%"
2020-09-22,"A.S. PONTEVEDRA E O SALNÉS","35","444","7,88%"
2020-09-22,"A.S. SANTIAGO E BARBANZA","27","785","3,44%"
2020-09-22,"A.S. VIGO","34","1.349","2,52%"
2020-09-22,"GALICIA","294","5.571","5,28%"
2020-09-23,"A.S. A CORUÑA E CEE","44","1.607","2,74%"
2020-09-23,"A.S. FERROL","5","262","1,91%"
2020-09-23,"A.S. LUGO, A MARIÑA E MONFORTE","20","390","5,13%"
2020-09-23,"A.S. OURENSE, VERÍN E O BARCO","38","568","6,69%"
2020-09-23,"A.S. PONTEVEDRA E O SALNÉS","36","736","4,89%"
2020-09-23,"A.S. SANTIAGO E BARBANZA","37","736","5,03%"
2020-09-23,"A.S. VIGO","21","1.433","1,47%"
2020-09-23,"GALICIA","201","5.732","3,51%"
2020-09-24,"A.S. A CORUÑA E CEE","50","1.746","2,86%"
2020-09-24,"A.S. FERROL","3","258","1,16%"
2020-09-24,"A.S. LUGO, A MARIÑA E MONFORTE","31","660","4,7%"
2020-09-24,"A.S. OURENSE, VERÍN E O BARCO","59","822","7,18%"
2020-09-24,"A.S. PONTEVEDRA E O SALNÉS","45","633","7,11%"
2020-09-24,"A.S. SANTIAGO E BARBANZA","30","775","3,87%"
2020-09-24,"A.S. VIGO","32","1.339","2,39%"
2020-09-24,"GALICIA","250","6.233","4,01%"
2020-09-25,"A.S. A CORUÑA E CEE","38","1.675","2,27%"
2020-09-25,"A.S. FERROL","6","251","2,39%"
2020-09-25,"A.S. LUGO, A MARIÑA E MONFORTE","19","675","2,81%"
2020-09-25,"A.S. OURENSE, VERÍN E O BARCO","60","833","7,2%"
2020-09-25,"A.S. PONTEVEDRA E O SALNÉS","38","602","6,31%"
2020-09-25,"A.S. SANTIAGO E BARBANZA","23","950","2,42%"
2020-09-25,"A.S. VIGO","31","1.216","2,55%"
2020-09-25,"GALICIA","215","6.202","3,47%"
2020-09-26,"A.S. A CORUÑA E CEE","39","1.412","2,76%"
2020-09-26,"A.S. FERROL","6","283","2,12%"
2020-09-26,"A.S. LUGO, A MARIÑA E MONFORTE","25","515","4,85%"
2020-09-26,"A.S. OURENSE, VERÍN E O BARCO","45","461","9,76%"
2020-09-26,"A.S. PONTEVEDRA E O SALNÉS","24","695","3,45%"
2020-09-26,"A.S. SANTIAGO E BARBANZA","52","1.015","5,12%"
2020-09-26,"A.S. VIGO","23","1.099","2,09%"
2020-09-26,"GALICIA","214","5.480","3,91%"
2020-09-27,"A.S. A CORUÑA E CEE","39","842","4,63%"
2020-09-27,"A.S. FERROL","9","211","4,27%"
2020-09-27,"A.S. LUGO, A MARIÑA E MONFORTE","13","427","3,04%"
2020-09-27,"A.S. OURENSE, VERÍN E O BARCO","41","575","7,13%"
2020-09-27,"A.S. PONTEVEDRA E O SALNÉS","26","911","2,85%"
2020-09-27,"A.S. SANTIAGO E BARBANZA","29","772","3,76%"
2020-09-27,"A.S. VIGO","11","384","2,86%"
2020-09-27,"GALICIA","168","4.122","4,08%"
2020-09-28,"A.S. A CORUÑA E CEE","20","814","2,46%"
2020-09-28,"A.S. FERROL","1","228","0,44%"
2020-09-28,"A.S. LUGO, A MARIÑA E MONFORTE","11","413","2,66%"
2020-09-28,"A.S. OURENSE, VERÍN E O BARCO","51","1.467","3,48%"
2020-09-28,"A.S. PONTEVEDRA E O SALNÉS","9","594","1,52%"
2020-09-28,"A.S. SANTIAGO E BARBANZA","32","561","5,7%"
2020-09-28,"A.S. VIGO","9","478","1,88%"
2020-09-28,"GALICIA","133","4.555","2,92%"
2020-09-29,"A.S. A CORUÑA E CEE","33","1.321","2,5%"
2020-09-29,"A.S. FERROL","4","317","1,26%"
2020-09-29,"A.S. LUGO, A MARIÑA E MONFORTE","22","428","5,14%"
2020-09-29,"A.S. OURENSE, VERÍN E O BARCO","41","1.072","3,82%"
2020-09-29,"A.S. PONTEVEDRA E O SALNÉS","15","706","2,12%"
2020-09-29,"A.S. SANTIAGO E BARBANZA","22","735","2,99%"
2020-09-29,"A.S. VIGO","24","1.180","2,03%"
2020-09-29,"GALICIA","161","5.759","2,8%"
2020-09-30,"A.S. A CORUÑA E CEE","34","1.651","2,06%"
2020-09-30,"A.S. FERROL","1","302","0,33%"
2020-09-30,"A.S. LUGO, A MARIÑA E MONFORTE","19","513","3,7%"
2020-09-30,"A.S. OURENSE, VERÍN E O BARCO","57","773","7,37%"
2020-09-30,"A.S. PONTEVEDRA E O SALNÉS","15","736","2,04%"
2020-09-30,"A.S. SANTIAGO E BARBANZA","31","977","3,17%"
2020-09-30,"A.S. VIGO","24","1.253","1,92%"
2020-09-30,"GALICIA","181","6.205","2,92%"
2020-10-01,"A.S. A CORUÑA E CEE","26","1.322","1,97%"
2020-10-01,"A.S. FERROL","3","270","1,11%"
2020-10-01,"A.S. LUGO, A MARIÑA E MONFORTE","25","535","4,67%"
2020-10-01,"A.S. OURENSE, VERÍN E O BARCO","84","930","9,03%"
2020-10-01,"A.S. PONTEVEDRA E O SALNÉS","23","813","2,83%"
2020-10-01,"A.S. SANTIAGO E BARBANZA","33","1.057","3,12%"
2020-10-01,"A.S. VIGO","17","900","1,89%"
2020-10-01,"GALICIA","211","5.827","3,62%"
2020-10-02,"A.S. A CORUÑA E CEE","39","1.651","2,36%"
2020-10-02,"A.S. FERROL","6","265","2,26%"
2020-10-02,"A.S. LUGO, A MARIÑA E MONFORTE","16","619","2,58%"
2020-10-02,"A.S. OURENSE, VERÍN E O BARCO","91","819","11,11%"
2020-10-02,"A.S. PONTEVEDRA E O SALNÉS","15","926","1,62%"
2020-10-02,"A.S. SANTIAGO E BARBANZA","32","1.028","3,11%"
2020-10-02,"A.S. VIGO","22","1.126","1,95%"
2020-10-02,"GALICIA","221","6.434","3,43%"
2020-10-03,"A.S. A CORUÑA E CEE","40","1.548","2,58%"
2020-10-03,"A.S. FERROL","4","278","1,44%"
2020-10-03,"A.S. LUGO, A MARIÑA E MONFORTE","13","865","1,5%"
2020-10-03,"A.S. OURENSE, VERÍN E O BARCO","111","809","13,72%"
2020-10-03,"A.S. PONTEVEDRA E O SALNÉS","19","762","2,49%"
2020-10-03,"A.S. SANTIAGO E BARBANZA","31","1.139","2,72%"
2020-10-03,"A.S. VIGO","14","813","1,72%"
2020-10-03,"GALICIA","232","6.214","3,73%"
2020-10-04,"A.S. A CORUÑA E CEE","50","746","6,7%"
2020-10-04,"A.S. FERROL","8","239","3,35%"
2020-10-04,"A.S. LUGO, A MARIÑA E MONFORTE","14","384","3,65%"
2020-10-04,"A.S. OURENSE, VERÍN E O BARCO","115","998","11,52%"
2020-10-04,"A.S. PONTEVEDRA E O SALNÉS","31","989","3,13%"
2020-10-04,"A.S. SANTIAGO E BARBANZA","34","1.278","2,66%"
2020-10-04,"A.S. VIGO","10","812","1,23%"
2020-10-04,"GALICIA","262","5.446","4,81%"
2020-10-05,"A.S. A CORUÑA E CEE","15","553","2,71%"
2020-10-05,"A.S. FERROL","5","242","2,07%"
2020-10-05,"A.S. LUGO, A MARIÑA E MONFORTE","15","566","2,65%"
2020-10-05,"A.S. OURENSE, VERÍN E O BARCO","64","640","10%"
2020-10-05,"A.S. PONTEVEDRA E O SALNÉS","10","441","2,27%"
2020-10-05,"A.S. SANTIAGO E BARBANZA","28","1.353","2,07%"
2020-10-05,"A.S. VIGO","20","870","2,3%"
2020-10-05,"GALICIA","157","4.665","3,37%"
2020-10-06,"A.S. A CORUÑA E CEE","31","1.298","2,39%"
2020-10-06,"A.S. FERROL","4","270","1,48%"
2020-10-06,"A.S. LUGO, A MARIÑA E MONFORTE","13","860","1,51%"
2020-10-06,"A.S. OURENSE, VERÍN E O BARCO","78","1.041","7,49%"
2020-10-06,"A.S. PONTEVEDRA E O SALNÉS","23","681","3,38%"
2020-10-06,"A.S. SANTIAGO E BARBANZA","36","973","3,7%"
2020-10-06,"A.S. VIGO","24","2.075","1,16%"
2020-10-06,"GALICIA","209","7.198","2,9%"
2020-10-07,"A.S. A CORUÑA E CEE","40","1.181","3,39%"
2020-10-07,"A.S. FERROL","9","580","1,55%"
2020-10-07,"A.S. LUGO, A MARIÑA E MONFORTE","34","1.534","2,22%"
2020-10-07,"A.S. OURENSE, VERÍN E O BARCO","82","919","8,92%"
2020-10-07,"A.S. PONTEVEDRA E O SALNÉS","32","658","4,86%"
2020-10-07,"A.S. SANTIAGO E BARBANZA","26","839","3,1%"
2020-10-07,"A.S. VIGO","62","1.358","4,57%"
2020-10-07,"GALICIA","285","7.069","4,03%"
2020-10-08,"A.S. A CORUÑA E CEE","38","901","4,22%"
2020-10-08,"A.S. FERROL","11","246","4,47%"
2020-10-08,"A.S. LUGO, A MARIÑA E MONFORTE","27","513","5,26%"
2020-10-08,"A.S. OURENSE, VERÍN E O BARCO","259","1.645","15,74%"
2020-10-08,"A.S. PONTEVEDRA E O SALNÉS","26","544","4,78%"
2020-10-08,"A.S. SANTIAGO E BARBANZA","60","1.166","5,15%"
2020-10-08,"A.S. VIGO","36","1.144","3,15%"
2020-10-08,"GALICIA","457","6.159","7,42%"
2020-10-09,"A.S. A CORUÑA E CEE","33","1.121","2,94%"
2020-10-09,"A.S. FERROL","15","386","3,89%"
2020-10-09,"A.S. LUGO, A MARIÑA E MONFORTE","28","385","7,27%"
2020-10-09,"A.S. OURENSE, VERÍN E O BARCO","176","1.026","17,15%"
2020-10-09,"A.S. PONTEVEDRA E O SALNÉS","25","704","3,55%"
2020-10-09,"A.S. SANTIAGO E BARBANZA","56","958","5,85%"
2020-10-09,"A.S. VIGO","41","666","6,16%"
2020-10-09,"GALICIA","374","5.246","7,13%"
2020-10-10,"A.S. A CORUÑA E CEE","55","1.097","5,01%"
2020-10-10,"A.S. FERROL","17","510","3,33%"
2020-10-10,"A.S. LUGO, A MARIÑA E MONFORTE","40","477","8,39%"
2020-10-10,"A.S. OURENSE, VERÍN E O BARCO","82","1.150","7,13%"
2020-10-10,"A.S. PONTEVEDRA E O SALNÉS","23","883","2,6%"
2020-10-10,"A.S. SANTIAGO E BARBANZA","52","775","6,71%"
2020-10-10,"A.S. VIGO","59","1.221","4,83%"
2020-10-10,"GALICIA","328","6.113","5,37%"
2020-10-11,"A.S. A CORUÑA E CEE","58","880","6,59%"
2020-10-11,"A.S. FERROL","20","219","9,13%"
2020-10-11,"A.S. LUGO, A MARIÑA E MONFORTE","18","338","5,33%"
2020-10-11,"A.S. OURENSE, VERÍN E O BARCO","76","674","11,28%"
2020-10-11,"A.S. PONTEVEDRA E O SALNÉS","28","513","5,46%"
2020-10-11,"A.S. SANTIAGO E BARBANZA","69","835","8,26%"
2020-10-11,"A.S. VIGO","26","465","5,59%"
2020-10-11,"GALICIA","295","3.924","7,52%"
2020-10-12,"A.S. A CORUÑA E CEE","22","431","5,1%"
2020-10-12,"A.S. FERROL","11","202","5,45%"
2020-10-12,"A.S. LUGO, A MARIÑA E MONFORTE","23","405","5,68%"
2020-10-12,"A.S. OURENSE, VERÍN E O BARCO","111","960","11,56%"
2020-10-12,"A.S. PONTEVEDRA E O SALNÉS","28","312","8,97%"
2020-10-12,"A.S. SANTIAGO E BARBANZA","28","589","4,75%"
2020-10-12,"A.S. VIGO","31","463","6,7%"
2020-10-12,"GALICIA","254","3.362","7,56%"
2020-10-13,"A.S. A CORUÑA E CEE","47","501","9,38%"
2020-10-13,"A.S. FERROL","9","224","4,02%"
2020-10-13,"A.S. LUGO, A MARIÑA E MONFORTE","10","300","3,33%"
2020-10-13,"A.S. OURENSE, VERÍN E O BARCO","71","1.198","5,93%"
2020-10-13,"A.S. PONTEVEDRA E O SALNÉS","10","330","3,03%"
2020-10-13,"A.S. SANTIAGO E BARBANZA","46","713","6,45%"
2020-10-13,"A.S. VIGO","38","583","6,52%"
2020-10-13,"GALICIA","231","3.849","6%"
2020-10-14,"A.S. A CORUÑA E CEE","37","1.226","3,02%"
2020-10-14,"A.S. FERROL","8","424","1,89%"
2020-10-14,"A.S. LUGO, A MARIÑA E MONFORTE","30","537","5,59%"
2020-10-14,"A.S. OURENSE, VERÍN E O BARCO","59","1.090","5,41%"
2020-10-14,"A.S. PONTEVEDRA E O SALNÉS","19","361","5,26%"
2020-10-14,"A.S. SANTIAGO E BARBANZA","34","808","4,21%"
2020-10-14,"A.S. VIGO","59","770","7,66%"
2020-10-14,"GALICIA","246","5.216","4,72%"
2020-10-15,"A.S. A CORUÑA E CEE","68","1.354","5,02%"
2020-10-15,"A.S. FERROL","19","422","4,5%"
2020-10-15,"A.S. LUGO, A MARIÑA E MONFORTE","20","492","4,07%"
2020-10-15,"A.S. OURENSE, VERÍN E O BARCO","97","1.498","6,48%"
2020-10-15,"A.S. PONTEVEDRA E O SALNÉS","37","564","6,56%"
2020-10-15,"A.S. SANTIAGO E BARBANZA","62","1.328","4,67%"
2020-10-15,"A.S. VIGO","51","1.154","4,42%"
2020-10-15,"GALICIA","354","6.812","5,2%"
2020-10-16,"A.S. A CORUÑA E CEE","69","1.558","4,43%"
2020-10-16,"A.S. FERROL","12","463","2,59%"
2020-10-16,"A.S. LUGO, A MARIÑA E MONFORTE","14","397","3,53%"
2020-10-16,"A.S. OURENSE, VERÍN E O BARCO","98","1.002","9,78%"
2020-10-16,"A.S. PONTEVEDRA E O SALNÉS","39","595","6,55%"
2020-10-16,"A.S. SANTIAGO E BARBANZA","67","1.597","4,2%"
2020-10-16,"A.S. VIGO","78","1.132","6,89%"
2020-10-16,"GALICIA","377","6.744","5,59%"
2020-10-17,"A.S. A CORUÑA E CEE","71","1.187","5,98%"
2020-10-17,"A.S. FERROL","37","394","9,39%"
2020-10-17,"A.S. LUGO, A MARIÑA E MONFORTE","43","497","8,65%"
2020-10-17,"A.S. OURENSE, VERÍN E O BARCO","72","864","8,33%"
2020-10-17,"A.S. PONTEVEDRA E O SALNÉS","57","461","12,36%"
2020-10-17,"A.S. SANTIAGO E BARBANZA","80","1.029","7,77%"
2020-10-17,"A.S. VIGO","138","1.880","7,34%"
2020-10-17,"GALICIA","498","6.312","7,89%"
2020-10-18,"A.S. A CORUÑA E CEE","53","688","7,7%"
2020-10-18,"A.S. FERROL","37","288","12,85%"
2020-10-18,"A.S. LUGO, A MARIÑA E MONFORTE","48","614","7,82%"
2020-10-18,"A.S. OURENSE, VERÍN E O BARCO","85","1.069","7,95%"
2020-10-18,"A.S. PONTEVEDRA E O SALNÉS","33","582","5,67%"
2020-10-18,"A.S. SANTIAGO E BARBANZA","79","1.154","6,85%"
2020-10-18,"A.S. VIGO","64","869","7,36%"
2020-10-18,"GALICIA","399","5.264","7,58%"
2020-10-19,"A.S. A CORUÑA E CEE","67","952","7,04%"
2020-10-19,"A.S. FERROL","19","341","5,57%"
2020-10-19,"A.S. LUGO, A MARIÑA E MONFORTE","22","580","3,79%"
2020-10-19,"A.S. OURENSE, VERÍN E O BARCO","55","928","5,93%"
2020-10-19,"A.S. PONTEVEDRA E O SALNÉS","43","398","10,8%"
2020-10-19,"A.S. SANTIAGO E BARBANZA","78","720","10,83%"
2020-10-19,"A.S. VIGO","54","659","8,19%"
2020-10-19,"GALICIA","338","4.578","7,38%"
2020-10-20,"A.S. A CORUÑA E CEE","47","1.042","4,51%"
2020-10-20,"A.S. FERROL","19","502","3,78%"
2020-10-20,"A.S. LUGO, A MARIÑA E MONFORTE","43","569","7,56%"
2020-10-20,"A.S. OURENSE, VERÍN E O BARCO","90","1.012","8,89%"
2020-10-20,"A.S. PONTEVEDRA E O SALNÉS","62","473","13,11%"
2020-10-20,"A.S. SANTIAGO E BARBANZA","95","1.371","6,93%"
2020-10-20,"A.S. VIGO","126","1.612","7,82%"
2020-10-20,"GALICIA","482","6.581","7,32%"
2020-10-21,"A.S. A CORUÑA E CEE","65","1.142","5,69%"
2020-10-21,"A.S. FERROL","42","419","10,02%"
2020-10-21,"A.S. LUGO, A MARIÑA E MONFORTE","43","791","5,44%"
2020-10-21,"A.S. OURENSE, VERÍN E O BARCO","64","712","8,99%"
2020-10-21,"A.S. PONTEVEDRA E O SALNÉS","48","823","5,83%"
2020-10-21,"A.S. SANTIAGO E BARBANZA","66","790","8,35%"
2020-10-21,"A.S. VIGO","71","1.022","6,95%"
2020-10-21,"GALICIA","399","5.699","7%"
2020-10-22,"A.S. A CORUÑA E CEE","85","1.354","6,28%"
2020-10-22,"A.S. FERROL","73","529","13,8%"
2020-10-22,"A.S. LUGO, A MARIÑA E MONFORTE","42","759","5,53%"
2020-10-22,"A.S. OURENSE, VERÍN E O BARCO","78","792","9,85%"
2020-10-22,"A.S. PONTEVEDRA E O SALNÉS","40","839","4,77%"
2020-10-22,"A.S. SANTIAGO E BARBANZA","135","1.212","11,14%"
2020-10-22,"A.S. VIGO","71","1.080","6,57%"
2020-10-22,"GALICIA","524","6.565","7,98%"
2020-10-23,"A.S. A CORUÑA E CEE","144","2.127","6,77%"
2020-10-23,"A.S. FERROL","77","508","15,16%"
2020-10-23,"A.S. LUGO, A MARIÑA E MONFORTE","98","1.236","7,93%"
2020-10-23,"A.S. OURENSE, VERÍN E O BARCO","64","983","6,51%"
2020-10-23,"A.S. PONTEVEDRA E O SALNÉS","73","969","7,53%"
2020-10-23,"A.S. SANTIAGO E BARBANZA","112","1.454","7,7%"
2020-10-23,"A.S. VIGO","144","1.652","8,72%"
2020-10-23,"GALICIA","712","8.929","7,97%"
2020-10-24,"A.S. A CORUÑA E CEE","88","1.151","7,65%"
2020-10-24,"A.S. FERROL","34","271","12,55%"
2020-10-24,"A.S. LUGO, A MARIÑA E MONFORTE","38","397","9,57%"
2020-10-24,"A.S. OURENSE, VERÍN E O BARCO","77","674","11,42%"
2020-10-24,"A.S. PONTEVEDRA E O SALNÉS","26","1.067","2,44%"
2020-10-24,"A.S. SANTIAGO E BARBANZA","74","1.017","7,28%"
2020-10-24,"A.S. VIGO","72","1.097","6,56%"
2020-10-24,"GALICIA","409","5.674","7,21%"
