Fecha,Area_Sanitaria,Genero,Personas_Infectadas,Porcentaje
"2020-10-07","GALICIA","HOMES","10.441","45,54%"
"2020-10-07","GALICIA","MULLERES","12.484","54,46%"
"2020-10-07","A.S. A CORUÑA E CEE","HOMES","2.903","46,01%"
"2020-10-07","A.S. A CORUÑA E CEE","MULLERES","3.406","53,99%"
"2020-10-07","A.S. FERROL","HOMES","435","44,48%"
"2020-10-07","A.S. FERROL","MULLERES","543","55,52%"
"2020-10-07","A.S. LUGO, A MARIÑA E MONFORTE","HOMES","1.347","44,08%"
"2020-10-07","A.S. LUGO, A MARIÑA E MONFORTE","MULLERES","1.709","55,92%"
"2020-10-07","A.S. OURENSE, VERÍN E O BARCO","HOMES","1.752","44,39%"
"2020-10-07","A.S. OURENSE, VERÍN E O BARCO","MULLERES","2.195","55,61%"
"2020-10-07","A.S. PONTEVEDRA E O SALNÉS","HOMES","992","48,06%"
"2020-10-07","A.S. PONTEVEDRA E O SALNÉS","MULLERES","1.072","51,94%"
"2020-10-07","A.S. SANTIAGO E BARBANZA","HOMES","1.607","46,45%"
"2020-10-07","A.S. SANTIAGO E BARBANZA","MULLERES","1.853","53,55%"
"2020-10-07","A.S. VIGO","HOMES","1.405","45,16%"
"2020-10-07","A.S. VIGO","MULLERES","1.706","54,84%"
"2020-10-08","GALICIA","HOMES","10.612","45,47%"
"2020-10-08","GALICIA","MULLERES","12.726","54,53%"
"2020-10-08","A.S. A CORUÑA E CEE","HOMES","2.924","46,08%"
"2020-10-08","A.S. A CORUÑA E CEE","MULLERES","3.422","53,92%"
"2020-10-08","A.S. FERROL","HOMES","438","44,33%"
"2020-10-08","A.S. FERROL","MULLERES","550","55,67%"
"2020-10-08","A.S. LUGO, A MARIÑA E MONFORTE","HOMES","1.354","44,05%"
"2020-10-08","A.S. LUGO, A MARIÑA E MONFORTE","MULLERES","1.720","55,95%"
"2020-10-08","A.S. OURENSE, VERÍN E O BARCO","HOMES","1.850","44,21%"
"2020-10-08","A.S. OURENSE, VERÍN E O BARCO","MULLERES","2.335","55,79%"
"2020-10-08","A.S. PONTEVEDRA E O SALNÉS","HOMES","999","47,89%"
"2020-10-08","A.S. PONTEVEDRA E O SALNÉS","MULLERES","1.087","52,11%"
"2020-10-08","A.S. SANTIAGO E BARBANZA","HOMES","1.622","46,3%"
"2020-10-08","A.S. SANTIAGO E BARBANZA","MULLERES","1.881","53,7%"
"2020-10-08","A.S. VIGO","HOMES","1.425","45,15%"
"2020-10-08","A.S. VIGO","MULLERES","1.731","54,85%"
"2020-10-09","GALICIA","HOMES","10.803","45,48%"
"2020-10-09","GALICIA","MULLERES","12.949","54,52%"
"2020-10-09","A.S. A CORUÑA E CEE","HOMES","2.943","46,11%"
"2020-10-09","A.S. A CORUÑA E CEE","MULLERES","3.439","53,89%"
"2020-10-09","A.S. FERROL","HOMES","449","44,72%"
"2020-10-09","A.S. FERROL","MULLERES","555","55,28%"
"2020-10-09","A.S. LUGO, A MARIÑA E MONFORTE","HOMES","1.368","43,94%"
"2020-10-09","A.S. LUGO, A MARIÑA E MONFORTE","MULLERES","1.745","56,06%"
"2020-10-09","A.S. OURENSE, VERÍN E O BARCO","HOMES","1.931","44,18%"
"2020-10-09","A.S. OURENSE, VERÍN E O BARCO","MULLERES","2.440","55,82%"
"2020-10-09","A.S. PONTEVEDRA E O SALNÉS","HOMES","1.012","47,78%"
"2020-10-09","A.S. PONTEVEDRA E O SALNÉS","MULLERES","1.106","52,22%"
"2020-10-09","A.S. SANTIAGO E BARBANZA","HOMES","1.658","46,39%"
"2020-10-09","A.S. SANTIAGO E BARBANZA","MULLERES","1.916","53,61%"
"2020-10-09","A.S. VIGO","HOMES","1.442","45,2%"
"2020-10-09","A.S. VIGO","MULLERES","1.748","54,8%"
"2020-10-10","GALICIA","HOMES","10.955","45,51%"
"2020-10-10","GALICIA","MULLERES","13.115","54,49%"
"2020-10-10","A.S. A CORUÑA E CEE","HOMES","2.970","46,16%"
"2020-10-10","A.S. A CORUÑA E CEE","MULLERES","3.464","53,84%"
"2020-10-10","A.S. FERROL","HOMES","459","44,91%"
"2020-10-10","A.S. FERROL","MULLERES","563","55,09%"
"2020-10-10","A.S. LUGO, A MARIÑA E MONFORTE","HOMES","1.383","43,95%"
"2020-10-10","A.S. LUGO, A MARIÑA E MONFORTE","MULLERES","1.764","56,05%"
"2020-10-10","A.S. OURENSE, VERÍN E O BARCO","HOMES","1.978","44,34%"
"2020-10-10","A.S. OURENSE, VERÍN E O BARCO","MULLERES","2.483","55,66%"
"2020-10-10","A.S. PONTEVEDRA E O SALNÉS","HOMES","1.018","47,59%"
"2020-10-10","A.S. PONTEVEDRA E O SALNÉS","MULLERES","1.121","52,41%"
"2020-10-10","A.S. SANTIAGO E BARBANZA","HOMES","1.672","46,26%"
"2020-10-10","A.S. SANTIAGO E BARBANZA","MULLERES","1.942","53,74%"
"2020-10-10","A.S. VIGO","HOMES","1.475","45,34%"
"2020-10-10","A.S. VIGO","MULLERES","1.778","54,66%"
"2020-10-11","GALICIA","HOMES","11.093","45,51%"
"2020-10-11","GALICIA","MULLERES","13.280","54,49%"
"2020-10-11","A.S. A CORUÑA E CEE","HOMES","3.002","46,19%"
"2020-10-11","A.S. A CORUÑA E CEE","MULLERES","3.497","53,81%"
"2020-10-11","A.S. FERROL","HOMES","468","45%"
"2020-10-11","A.S. FERROL","MULLERES","572","55%"
"2020-10-11","A.S. LUGO, A MARIÑA E MONFORTE","HOMES","1.394","43,95%"
"2020-10-11","A.S. LUGO, A MARIÑA E MONFORTE","MULLERES","1.778","56,05%"
"2020-10-11","A.S. OURENSE, VERÍN E O BARCO","HOMES","2.006","44,22%"
"2020-10-11","A.S. OURENSE, VERÍN E O BARCO","MULLERES","2.530","55,78%"
"2020-10-11","A.S. PONTEVEDRA E O SALNÉS","HOMES","1.029","47,53%"
"2020-10-11","A.S. PONTEVEDRA E O SALNÉS","MULLERES","1.136","52,47%"
"2020-10-11","A.S. SANTIAGO E BARBANZA","HOMES","1.710","46,42%"
"2020-10-11","A.S. SANTIAGO E BARBANZA","MULLERES","1.974","53,58%"
"2020-10-11","A.S. VIGO","HOMES","1.484","45,29%"
"2020-10-11","A.S. VIGO","MULLERES","1.793","54,71%"
"2020-10-12","GALICIA","HOMES","11.208","45,54%"
"2020-10-12","GALICIA","MULLERES","13.404","54,46%"
"2020-10-12","A.S. A CORUÑA E CEE","HOMES","3.010","46,2%"
"2020-10-12","A.S. A CORUÑA E CEE","MULLERES","3.505","53,8%"
"2020-10-12","A.S. FERROL","HOMES","473","45,09%"
"2020-10-12","A.S. FERROL","MULLERES","576","54,91%"
"2020-10-12","A.S. LUGO, A MARIÑA E MONFORTE","HOMES","1.408","44,03%"
"2020-10-12","A.S. LUGO, A MARIÑA E MONFORTE","MULLERES","1.790","55,97%"
"2020-10-12","A.S. OURENSE, VERÍN E O BARCO","HOMES","2.041","44,11%"
"2020-10-12","A.S. OURENSE, VERÍN E O BARCO","MULLERES","2.586","55,89%"
"2020-10-12","A.S. PONTEVEDRA E O SALNÉS","HOMES","1.035","47,35%"
"2020-10-12","A.S. PONTEVEDRA E O SALNÉS","MULLERES","1.151","52,65%"
"2020-10-12","A.S. SANTIAGO E BARBANZA","HOMES","1.731","46,53%"
"2020-10-12","A.S. SANTIAGO E BARBANZA","MULLERES","1.989","53,47%"
"2020-10-12","A.S. VIGO","HOMES","1.510","45,52%"
"2020-10-12","A.S. VIGO","MULLERES","1.807","54,48%"
"2020-10-13","GALICIA","HOMES","11.329","45,55%"
"2020-10-13","GALICIA","MULLERES","13.540","54,45%"
"2020-10-13","A.S. A CORUÑA E CEE","HOMES","3.036","46,25%"
"2020-10-13","A.S. A CORUÑA E CEE","MULLERES","3.529","53,75%"
"2020-10-13","A.S. FERROL","HOMES","476","44,69%"
"2020-10-13","A.S. FERROL","MULLERES","589","55,31%"
"2020-10-13","A.S. LUGO, A MARIÑA E MONFORTE","HOMES","1.414","44,06%"
"2020-10-13","A.S. LUGO, A MARIÑA E MONFORTE","MULLERES","1.795","55,94%"
"2020-10-13","A.S. OURENSE, VERÍN E O BARCO","HOMES","2.075","44%"
"2020-10-13","A.S. OURENSE, VERÍN E O BARCO","MULLERES","2.641","56%"
"2020-10-13","A.S. PONTEVEDRA E O SALNÉS","HOMES","1.049","47,49%"
"2020-10-13","A.S. PONTEVEDRA E O SALNÉS","MULLERES","1.160","52,51%"
"2020-10-13","A.S. SANTIAGO E BARBANZA","HOMES","1.754","46,62%"
"2020-10-13","A.S. SANTIAGO E BARBANZA","MULLERES","2.008","53,38%"
"2020-10-13","A.S. VIGO","HOMES","1.525","45,62%"
"2020-10-13","A.S. VIGO","MULLERES","1.818","54,38%"
"2020-10-14","GALICIA","HOMES","11.442","45,58%"
"2020-10-14","GALICIA","MULLERES","13.660","54,42%"
"2020-10-14","A.S. A CORUÑA E CEE","HOMES","3.052","46,18%"
"2020-10-14","A.S. A CORUÑA E CEE","MULLERES","3.557","53,82%"
"2020-10-14","A.S. FERROL","HOMES","477","44,54%"
"2020-10-14","A.S. FERROL","MULLERES","594","55,46%"
"2020-10-14","A.S. LUGO, A MARIÑA E MONFORTE","HOMES","1.424","44,14%"
"2020-10-14","A.S. LUGO, A MARIÑA E MONFORTE","MULLERES","1.802","55,86%"
"2020-10-14","A.S. OURENSE, VERÍN E O BARCO","HOMES","2.106","44,09%"
"2020-10-14","A.S. OURENSE, VERÍN E O BARCO","MULLERES","2.671","55,91%"
"2020-10-14","A.S. PONTEVEDRA E O SALNÉS","HOMES","1.055","47,42%"
"2020-10-14","A.S. PONTEVEDRA E O SALNÉS","MULLERES","1.170","52,58%"
"2020-10-14","A.S. SANTIAGO E BARBANZA","HOMES","1.770","46,58%"
"2020-10-14","A.S. SANTIAGO E BARBANZA","MULLERES","2.030","53,42%"
"2020-10-14","A.S. VIGO","HOMES","1.558","45,9%"
"2020-10-14","A.S. VIGO","MULLERES","1.836","54,1%"
"2020-10-15","GALICIA","HOMES","11.611","45,63%"
"2020-10-15","GALICIA","MULLERES","13.833","54,37%"
"2020-10-15","A.S. A CORUÑA E CEE","HOMES","3.080","46,2%"
"2020-10-15","A.S. A CORUÑA E CEE","MULLERES","3.586","53,8%"
"2020-10-15","A.S. FERROL","HOMES","486","44,67%"
"2020-10-15","A.S. FERROL","MULLERES","602","55,33%"
"2020-10-15","A.S. LUGO, A MARIÑA E MONFORTE","HOMES","1.443","44,32%"
"2020-10-15","A.S. LUGO, A MARIÑA E MONFORTE","MULLERES","1.813","55,68%"
"2020-10-15","A.S. OURENSE, VERÍN E O BARCO","HOMES","2.145","44,16%"
"2020-10-15","A.S. OURENSE, VERÍN E O BARCO","MULLERES","2.712","55,84%"
"2020-10-15","A.S. PONTEVEDRA E O SALNÉS","HOMES","1.070","47,43%"
"2020-10-15","A.S. PONTEVEDRA E O SALNÉS","MULLERES","1.186","52,57%"
"2020-10-15","A.S. SANTIAGO E BARBANZA","HOMES","1.798","46,58%"
"2020-10-15","A.S. SANTIAGO E BARBANZA","MULLERES","2.062","53,42%"
"2020-10-15","A.S. VIGO","HOMES","1.589","45,91%"
"2020-10-15","A.S. VIGO","MULLERES","1.872","54,09%"
"2020-10-16","GALICIA","HOMES","11.790","45,69%"
"2020-10-16","GALICIA","MULLERES","14.015","54,31%"
"2020-10-16","A.S. A CORUÑA E CEE","HOMES","3.108","46,24%"
"2020-10-16","A.S. A CORUÑA E CEE","MULLERES","3.614","53,76%"
"2020-10-16","A.S. FERROL","HOMES","491","44,6%"
"2020-10-16","A.S. FERROL","MULLERES","610","55,4%"
"2020-10-16","A.S. LUGO, A MARIÑA E MONFORTE","HOMES","1.456","44,43%"
"2020-10-16","A.S. LUGO, A MARIÑA E MONFORTE","MULLERES","1.821","55,57%"
"2020-10-16","A.S. OURENSE, VERÍN E O BARCO","HOMES","2.191","44,24%"
"2020-10-16","A.S. OURENSE, VERÍN E O BARCO","MULLERES","2.762","55,76%"
"2020-10-16","A.S. PONTEVEDRA E O SALNÉS","HOMES","1.093","47,56%"
"2020-10-16","A.S. PONTEVEDRA E O SALNÉS","MULLERES","1.205","52,44%"
"2020-10-16","A.S. SANTIAGO E BARBANZA","HOMES","1.828","46,61%"
"2020-10-16","A.S. SANTIAGO E BARBANZA","MULLERES","2.094","53,39%"
"2020-10-16","A.S. VIGO","HOMES","1.623","45,95%"
"2020-10-16","A.S. VIGO","MULLERES","1.909","54,05%"
"2020-10-17","GALICIA","HOMES","11.996","45,72%"
"2020-10-17","GALICIA","MULLERES","14.241","54,28%"
"2020-10-17","A.S. A CORUÑA E CEE","HOMES","3.133","46,15%"
"2020-10-17","A.S. A CORUÑA E CEE","MULLERES","3.655","53,85%"
"2020-10-17","A.S. FERROL","HOMES","498","44,42%"
"2020-10-17","A.S. FERROL","MULLERES","623","55,58%"
"2020-10-17","A.S. LUGO, A MARIÑA E MONFORTE","HOMES","1.475","44,45%"
"2020-10-17","A.S. LUGO, A MARIÑA E MONFORTE","MULLERES","1.843","55,55%"
"2020-10-17","A.S. OURENSE, VERÍN E O BARCO","HOMES","2.229","44,31%"
"2020-10-17","A.S. OURENSE, VERÍN E O BARCO","MULLERES","2.802","55,69%"
"2020-10-17","A.S. PONTEVEDRA E O SALNÉS","HOMES","1.118","47,64%"
"2020-10-17","A.S. PONTEVEDRA E O SALNÉS","MULLERES","1.229","52,36%"
"2020-10-17","A.S. SANTIAGO E BARBANZA","HOMES","1.863","46,59%"
"2020-10-17","A.S. SANTIAGO E BARBANZA","MULLERES","2.136","53,41%"
"2020-10-17","A.S. VIGO","HOMES","1.680","46,24%"
"2020-10-17","A.S. VIGO","MULLERES","1.953","53,76%"
"2020-10-18","GALICIA","HOMES","12.186","45,72%"
"2020-10-18","GALICIA","MULLERES","14.470","54,28%"
"2020-10-18","A.S. A CORUÑA E CEE","HOMES","3.161","46,15%"
"2020-10-18","A.S. A CORUÑA E CEE","MULLERES","3.688","53,85%"
"2020-10-18","A.S. FERROL","HOMES","518","44,43%"
"2020-10-18","A.S. FERROL","MULLERES","648","55,57%"
"2020-10-18","A.S. LUGO, A MARIÑA E MONFORTE","HOMES","1.492","44,42%"
"2020-10-18","A.S. LUGO, A MARIÑA E MONFORTE","MULLERES","1.867","55,58%"
"2020-10-18","A.S. OURENSE, VERÍN E O BARCO","HOMES","2.261","44,36%"
"2020-10-18","A.S. OURENSE, VERÍN E O BARCO","MULLERES","2.836","55,64%"
"2020-10-18","A.S. PONTEVEDRA E O SALNÉS","HOMES","1.136","47,59%"
"2020-10-18","A.S. PONTEVEDRA E O SALNÉS","MULLERES","1.251","52,41%"
"2020-10-18","A.S. SANTIAGO E BARBANZA","HOMES","1.894","46,57%"
"2020-10-18","A.S. SANTIAGO E BARBANZA","MULLERES","2.173","53,43%"
"2020-10-18","A.S. VIGO","HOMES","1.724","46,21%"
"2020-10-18","A.S. VIGO","MULLERES","2.007","53,79%"
"2020-10-19","GALICIA","HOMES","12.346","45,72%"
"2020-10-19","GALICIA","MULLERES","14.659","54,28%"
"2020-10-19","A.S. A CORUÑA E CEE","HOMES","3.187","46,11%"
"2020-10-19","A.S. A CORUÑA E CEE","MULLERES","3.725","53,89%"
"2020-10-19","A.S. FERROL","HOMES","530","44,54%"
"2020-10-19","A.S. FERROL","MULLERES","660","55,46%"
"2020-10-19","A.S. LUGO, A MARIÑA E MONFORTE","HOMES","1.501","44,36%"
"2020-10-19","A.S. LUGO, A MARIÑA E MONFORTE","MULLERES","1.883","55,64%"
"2020-10-19","A.S. OURENSE, VERÍN E O BARCO","HOMES","2.289","44,33%"
"2020-10-19","A.S. OURENSE, VERÍN E O BARCO","MULLERES","2.874","55,67%"
"2020-10-19","A.S. PONTEVEDRA E O SALNÉS","HOMES","1.155","47,69%"
"2020-10-19","A.S. PONTEVEDRA E O SALNÉS","MULLERES","1.267","52,31%"
"2020-10-19","A.S. SANTIAGO E BARBANZA","HOMES","1.932","46,5%"
"2020-10-19","A.S. SANTIAGO E BARBANZA","MULLERES","2.223","53,5%"
"2020-10-19","A.S. VIGO","HOMES","1.752","46,36%"
"2020-10-19","A.S. VIGO","MULLERES","2.027","53,64%"
"2020-10-20","GALICIA","HOMES","12.549","45,72%"
"2020-10-20","GALICIA","MULLERES","14.897","54,28%"
"2020-10-20","A.S. A CORUÑA E CEE","HOMES","3.215","46,15%"
"2020-10-20","A.S. A CORUÑA E CEE","MULLERES","3.752","53,85%"
"2020-10-20","A.S. FERROL","HOMES","537","44,42%"
"2020-10-20","A.S. FERROL","MULLERES","672","55,58%"
"2020-10-20","A.S. LUGO, A MARIÑA E MONFORTE","HOMES","1.516","44,28%"
"2020-10-20","A.S. LUGO, A MARIÑA E MONFORTE","MULLERES","1.908","55,72%"
"2020-10-20","A.S. OURENSE, VERÍN E O BARCO","HOMES","2.336","44,43%"
"2020-10-20","A.S. OURENSE, VERÍN E O BARCO","MULLERES","2.922","55,57%"
"2020-10-20","A.S. PONTEVEDRA E O SALNÉS","HOMES","1.180","47,43%"
"2020-10-20","A.S. PONTEVEDRA E O SALNÉS","MULLERES","1.308","52,57%"
"2020-10-20","A.S. SANTIAGO E BARBANZA","HOMES","1.982","46,77%"
"2020-10-20","A.S. SANTIAGO E BARBANZA","MULLERES","2.256","53,23%"
"2020-10-20","A.S. VIGO","HOMES","1.783","46,17%"
"2020-10-20","A.S. VIGO","MULLERES","2.079","53,83%"
"2020-10-21","GALICIA","HOMES","12.765","45,74%"
"2020-10-21","GALICIA","MULLERES","15.140","54,26%"
"2020-10-21","A.S. A CORUÑA E CEE","HOMES","3.244","46,13%"
"2020-10-21","A.S. A CORUÑA E CEE","MULLERES","3.788","53,87%"
"2020-10-21","A.S. FERROL","HOMES","552","44,44%"
"2020-10-21","A.S. FERROL","MULLERES","690","55,56%"
"2020-10-21","A.S. LUGO, A MARIÑA E MONFORTE","HOMES","1.540","44,39%"
"2020-10-21","A.S. LUGO, A MARIÑA E MONFORTE","MULLERES","1.929","55,61%"
"2020-10-21","A.S. OURENSE, VERÍN E O BARCO","HOMES","2.378","44,57%"
"2020-10-21","A.S. OURENSE, VERÍN E O BARCO","MULLERES","2.957","55,43%"
"2020-10-21","A.S. PONTEVEDRA E O SALNÉS","HOMES","1.201","47,32%"
"2020-10-21","A.S. PONTEVEDRA E O SALNÉS","MULLERES","1.337","52,68%"
"2020-10-21","A.S. SANTIAGO E BARBANZA","HOMES","2.015","46,69%"
"2020-10-21","A.S. SANTIAGO E BARBANZA","MULLERES","2.301","53,31%"
"2020-10-21","A.S. VIGO","HOMES","1.835","46,19%"
"2020-10-21","A.S. VIGO","MULLERES","2.138","53,81%"
"2020-10-22","GALICIA","HOMES","12.990","45,72%"
"2020-10-22","GALICIA","MULLERES","15.424","54,28%"
"2020-10-22","A.S. A CORUÑA E CEE","HOMES","3.285","46,11%"
"2020-10-22","A.S. A CORUÑA E CEE","MULLERES","3.839","53,89%"
"2020-10-22","A.S. FERROL","HOMES","582","44,84%"
"2020-10-22","A.S. FERROL","MULLERES","716","55,16%"
"2020-10-22","A.S. LUGO, A MARIÑA E MONFORTE","HOMES","1.557","44,3%"
"2020-10-22","A.S. LUGO, A MARIÑA E MONFORTE","MULLERES","1.958","55,7%"
"2020-10-22","A.S. OURENSE, VERÍN E O BARCO","HOMES","2.404","44,52%"
"2020-10-22","A.S. OURENSE, VERÍN E O BARCO","MULLERES","2.996","55,48%"
"2020-10-22","A.S. PONTEVEDRA E O SALNÉS","HOMES","1.230","47,38%"
"2020-10-22","A.S. PONTEVEDRA E O SALNÉS","MULLERES","1.366","52,62%"
"2020-10-22","A.S. SANTIAGO E BARBANZA","HOMES","2.064","46,52%"
"2020-10-22","A.S. SANTIAGO E BARBANZA","MULLERES","2.373","53,48%"
"2020-10-22","A.S. VIGO","HOMES","1.868","46,19%"
"2020-10-22","A.S. VIGO","MULLERES","2.176","53,81%"
"2020-10-23","GALICIA","HOMES","13.316","45,74%"
"2020-10-23","GALICIA","MULLERES","15.795","54,26%"
"2020-10-23","A.S. A CORUÑA E CEE","HOMES","3.350","46,16%"
"2020-10-23","A.S. A CORUÑA E CEE","MULLERES","3.908","53,84%"
"2020-10-23","A.S. FERROL","HOMES","626","45%"
"2020-10-23","A.S. FERROL","MULLERES","765","55%"
"2020-10-23","A.S. LUGO, A MARIÑA E MONFORTE","HOMES","1.597","44,39%"
"2020-10-23","A.S. LUGO, A MARIÑA E MONFORTE","MULLERES","2.001","55,61%"
"2020-10-23","A.S. OURENSE, VERÍN E O BARCO","HOMES","2.436","44,43%"
"2020-10-23","A.S. OURENSE, VERÍN E O BARCO","MULLERES","3.047","55,57%"
"2020-10-23","A.S. PONTEVEDRA E O SALNÉS","HOMES","1.255","47,38%"
"2020-10-23","A.S. PONTEVEDRA E O SALNÉS","MULLERES","1.394","52,62%"
"2020-10-23","A.S. SANTIAGO E BARBANZA","HOMES","2.131","46,7%"
"2020-10-23","A.S. SANTIAGO E BARBANZA","MULLERES","2.432","53,3%"
"2020-10-23","A.S. VIGO","HOMES","1.921","46,08%"
"2020-10-23","A.S. VIGO","MULLERES","2.248","53,92%"
"2020-10-24","GALICIA","HOMES","13.606","45,8%"
"2020-10-24","GALICIA","MULLERES","16.104","54,2%"
"2020-10-24","A.S. A CORUÑA E CEE","HOMES","3.407","46,23%"
"2020-10-24","A.S. A CORUÑA E CEE","MULLERES","3.963","53,77%"
"2020-10-24","A.S. FERROL","HOMES","653","45,25%"
"2020-10-24","A.S. FERROL","MULLERES","790","54,75%"
"2020-10-24","A.S. LUGO, A MARIÑA E MONFORTE","HOMES","1.623","44,32%"
"2020-10-24","A.S. LUGO, A MARIÑA E MONFORTE","MULLERES","2.039","55,68%"
"2020-10-24","A.S. OURENSE, VERÍN E O BARCO","HOMES","2.475","44,38%"
"2020-10-24","A.S. OURENSE, VERÍN E O BARCO","MULLERES","3.102","55,62%"
"2020-10-24","A.S. PONTEVEDRA E O SALNÉS","HOMES","1.285","47,56%"
"2020-10-24","A.S. PONTEVEDRA E O SALNÉS","MULLERES","1.417","52,44%"
"2020-10-24","A.S. SANTIAGO E BARBANZA","HOMES","2.184","46,81%"
"2020-10-24","A.S. SANTIAGO E BARBANZA","MULLERES","2.482","53,19%"
"2020-10-24","A.S. VIGO","HOMES","1.979","46,13%"
"2020-10-24","A.S. VIGO","MULLERES","2.311","53,87%"
"2020-10-25","GALICIA","HOMES","13.873","45,77%"
"2020-10-25","GALICIA","MULLERES","16.437","54,23%"
"2020-10-25","A.S. A CORUÑA E CEE","HOMES","3.456","46,3%"
"2020-10-25","A.S. A CORUÑA E CEE","MULLERES","4.009","53,7%"
"2020-10-25","A.S. FERROL","HOMES","671","44,85%"
"2020-10-25","A.S. FERROL","MULLERES","825","55,15%"
"2020-10-25","A.S. LUGO, A MARIÑA E MONFORTE","HOMES","1.653","44,42%"
"2020-10-25","A.S. LUGO, A MARIÑA E MONFORTE","MULLERES","2.068","55,58%"
"2020-10-25","A.S. OURENSE, VERÍN E O BARCO","HOMES","2.529","44,14%"
"2020-10-25","A.S. OURENSE, VERÍN E O BARCO","MULLERES","3.201","55,86%"
"2020-10-25","A.S. PONTEVEDRA E O SALNÉS","HOMES","1.316","47,68%"
"2020-10-25","A.S. PONTEVEDRA E O SALNÉS","MULLERES","1.444","52,32%"
"2020-10-25","A.S. SANTIAGO E BARBANZA","HOMES","2.218","46,72%"
"2020-10-25","A.S. SANTIAGO E BARBANZA","MULLERES","2.529","53,28%"
"2020-10-25","A.S. VIGO","HOMES","2.030","46,23%"
"2020-10-25","A.S. VIGO","MULLERES","2.361","53,77%"
"2020-10-26","GALICIA","HOMES","14.101","45,72%"
"2020-10-26","GALICIA","MULLERES","16.738","54,28%"
"2020-10-26","A.S. A CORUÑA E CEE","HOMES","3.497","46,31%"
"2020-10-26","A.S. A CORUÑA E CEE","MULLERES","4.055","53,69%"
"2020-10-26","A.S. FERROL","HOMES","701","44,68%"
"2020-10-26","A.S. FERROL","MULLERES","868","55,32%"
"2020-10-26","A.S. LUGO, A MARIÑA E MONFORTE","HOMES","1.672","44,53%"
"2020-10-26","A.S. LUGO, A MARIÑA E MONFORTE","MULLERES","2.083","55,47%"
"2020-10-26","A.S. OURENSE, VERÍN E O BARCO","HOMES","2.556","44,08%"
"2020-10-26","A.S. OURENSE, VERÍN E O BARCO","MULLERES","3.243","55,92%"
"2020-10-26","A.S. PONTEVEDRA E O SALNÉS","HOMES","1.344","47,59%"
"2020-10-26","A.S. PONTEVEDRA E O SALNÉS","MULLERES","1.480","52,41%"
"2020-10-26","A.S. SANTIAGO E BARBANZA","HOMES","2.245","46,67%"
"2020-10-26","A.S. SANTIAGO E BARBANZA","MULLERES","2.565","53,33%"
"2020-10-26","A.S. VIGO","HOMES","2.086","46,05%"
"2020-10-26","A.S. VIGO","MULLERES","2.444","53,95%"
"2020-10-27","GALICIA","HOMES","14.380","45,64%"
"2020-10-27","GALICIA","MULLERES","17.130","54,36%"
"2020-10-27","A.S. A CORUÑA E CEE","HOMES","3.527","46,1%"
"2020-10-27","A.S. A CORUÑA E CEE","MULLERES","4.124","53,9%"
"2020-10-27","A.S. FERROL","HOMES","733","44,7%"
"2020-10-27","A.S. FERROL","MULLERES","907","55,3%"
"2020-10-27","A.S. LUGO, A MARIÑA E MONFORTE","HOMES","1.703","44,51%"
"2020-10-27","A.S. LUGO, A MARIÑA E MONFORTE","MULLERES","2.123","55,49%"
"2020-10-27","A.S. OURENSE, VERÍN E O BARCO","HOMES","2.590","43,99%"
"2020-10-27","A.S. OURENSE, VERÍN E O BARCO","MULLERES","3.298","56,01%"
"2020-10-27","A.S. PONTEVEDRA E O SALNÉS","HOMES","1.378","47,42%"
"2020-10-27","A.S. PONTEVEDRA E O SALNÉS","MULLERES","1.528","52,58%"
"2020-10-27","A.S. SANTIAGO E BARBANZA","HOMES","2.284","46,64%"
"2020-10-27","A.S. SANTIAGO E BARBANZA","MULLERES","2.613","53,36%"
"2020-10-27","A.S. VIGO","HOMES","2.165","46,04%"
"2020-10-27","A.S. VIGO","MULLERES","2.537","53,96%"
"2020-10-28","GALICIA","HOMES","14.685","45,69%"
"2020-10-28","GALICIA","MULLERES","17.455","54,31%"
"2020-10-28","A.S. A CORUÑA E CEE","HOMES","3.579","46,04%"
"2020-10-28","A.S. A CORUÑA E CEE","MULLERES","4.195","53,96%"
"2020-10-28","A.S. FERROL","HOMES","758","44,46%"
"2020-10-28","A.S. FERROL","MULLERES","947","55,54%"
"2020-10-28","A.S. LUGO, A MARIÑA E MONFORTE","HOMES","1.733","44,69%"
"2020-10-28","A.S. LUGO, A MARIÑA E MONFORTE","MULLERES","2.145","55,31%"
"2020-10-28","A.S. OURENSE, VERÍN E O BARCO","HOMES","2.618","44,01%"
"2020-10-28","A.S. OURENSE, VERÍN E O BARCO","MULLERES","3.330","55,99%"
"2020-10-28","A.S. PONTEVEDRA E O SALNÉS","HOMES","1.405","47,39%"
"2020-10-28","A.S. PONTEVEDRA E O SALNÉS","MULLERES","1.560","52,61%"
"2020-10-28","A.S. SANTIAGO E BARBANZA","HOMES","2.343","46,74%"
"2020-10-28","A.S. SANTIAGO E BARBANZA","MULLERES","2.670","53,26%"
"2020-10-28","A.S. VIGO","HOMES","2.249","46,3%"
"2020-10-28","A.S. VIGO","MULLERES","2.608","53,7%"
"2020-10-29","GALICIA","HOMES","15.012","45,72%"
"2020-10-29","GALICIA","MULLERES","17.820","54,28%"
"2020-10-29","A.S. A CORUÑA E CEE","HOMES","3.630","46%"
"2020-10-29","A.S. A CORUÑA E CEE","MULLERES","4.261","54%"
"2020-10-29","A.S. FERROL","HOMES","809","44,8%"
"2020-10-29","A.S. FERROL","MULLERES","997","55,2%"
"2020-10-29","A.S. LUGO, A MARIÑA E MONFORTE","HOMES","1.760","44,82%"
"2020-10-29","A.S. LUGO, A MARIÑA E MONFORTE","MULLERES","2.167","55,18%"
"2020-10-29","A.S. OURENSE, VERÍN E O BARCO","HOMES","2.640","43,98%"
"2020-10-29","A.S. OURENSE, VERÍN E O BARCO","MULLERES","3.363","56,02%"
"2020-10-29","A.S. PONTEVEDRA E O SALNÉS","HOMES","1.443","47,45%"
"2020-10-29","A.S. PONTEVEDRA E O SALNÉS","MULLERES","1.598","52,55%"
"2020-10-29","A.S. SANTIAGO E BARBANZA","HOMES","2.398","46,81%"
"2020-10-29","A.S. SANTIAGO E BARBANZA","MULLERES","2.725","53,19%"
"2020-10-29","A.S. VIGO","HOMES","2.332","46,26%"
"2020-10-29","A.S. VIGO","MULLERES","2.709","53,74%"
"2020-10-30","GALICIA","HOMES","15.368","45,73%"
"2020-10-30","GALICIA","MULLERES","18.236","54,27%"
"2020-10-30","A.S. A CORUÑA E CEE","HOMES","3.693","46,04%"
"2020-10-30","A.S. A CORUÑA E CEE","MULLERES","4.328","53,96%"
"2020-10-30","A.S. FERROL","HOMES","839","44,79%"
"2020-10-30","A.S. FERROL","MULLERES","1.034","55,21%"
"2020-10-30","A.S. LUGO, A MARIÑA E MONFORTE","HOMES","1.807","44,64%"
"2020-10-30","A.S. LUGO, A MARIÑA E MONFORTE","MULLERES","2.241","55,36%"
"2020-10-30","A.S. OURENSE, VERÍN E O BARCO","HOMES","2.677","43,93%"
"2020-10-30","A.S. OURENSE, VERÍN E O BARCO","MULLERES","3.417","56,07%"
"2020-10-30","A.S. PONTEVEDRA E O SALNÉS","HOMES","1.470","47,51%"
"2020-10-30","A.S. PONTEVEDRA E O SALNÉS","MULLERES","1.624","52,49%"
"2020-10-30","A.S. SANTIAGO E BARBANZA","HOMES","2.448","46,91%"
"2020-10-30","A.S. SANTIAGO E BARBANZA","MULLERES","2.771","53,09%"
"2020-10-30","A.S. VIGO","HOMES","2.434","46,32%"
"2020-10-30","A.S. VIGO","MULLERES","2.821","53,68%"
"2020-10-31","GALICIA","HOMES","15.668","45,59%"
"2020-10-31","GALICIA","MULLERES","18.701","54,41%"
"2020-10-31","A.S. A CORUÑA E CEE","HOMES","3.751","46,01%"
"2020-10-31","A.S. A CORUÑA E CEE","MULLERES","4.401","53,99%"
"2020-10-31","A.S. FERROL","HOMES","873","43,67%"
"2020-10-31","A.S. FERROL","MULLERES","1.126","56,33%"
"2020-10-31","A.S. LUGO, A MARIÑA E MONFORTE","HOMES","1.855","44,6%"
"2020-10-31","A.S. LUGO, A MARIÑA E MONFORTE","MULLERES","2.304","55,4%"
"2020-10-31","A.S. OURENSE, VERÍN E O BARCO","HOMES","2.685","43,88%"
"2020-10-31","A.S. OURENSE, VERÍN E O BARCO","MULLERES","3.434","56,12%"
"2020-10-31","A.S. PONTEVEDRA E O SALNÉS","HOMES","1.509","47,05%"
"2020-10-31","A.S. PONTEVEDRA E O SALNÉS","MULLERES","1.698","52,95%"
"2020-10-31","A.S. SANTIAGO E BARBANZA","HOMES","2.482","46,72%"
"2020-10-31","A.S. SANTIAGO E BARBANZA","MULLERES","2.831","53,28%"
"2020-10-31","A.S. VIGO","HOMES","2.513","46,37%"
"2020-10-31","A.S. VIGO","MULLERES","2.907","53,63%"
"2020-11-01","GALICIA","HOMES","15.931","45,59%"
"2020-11-01","GALICIA","MULLERES","19.011","54,41%"
"2020-11-01","A.S. A CORUÑA E CEE","HOMES","3.796","45,98%"
"2020-11-01","A.S. A CORUÑA E CEE","MULLERES","4.459","54,02%"
"2020-11-01","A.S. FERROL","HOMES","894","43,5%"
"2020-11-01","A.S. FERROL","MULLERES","1.161","56,5%"
"2020-11-01","A.S. LUGO, A MARIÑA E MONFORTE","HOMES","1.874","44,64%"
"2020-11-01","A.S. LUGO, A MARIÑA E MONFORTE","MULLERES","2.324","55,36%"
"2020-11-01","A.S. OURENSE, VERÍN E O BARCO","HOMES","2.723","43,96%"
"2020-11-01","A.S. OURENSE, VERÍN E O BARCO","MULLERES","3.471","56,04%"
"2020-11-01","A.S. PONTEVEDRA E O SALNÉS","HOMES","1.559","47,01%"
"2020-11-01","A.S. PONTEVEDRA E O SALNÉS","MULLERES","1.757","52,99%"
"2020-11-01","A.S. SANTIAGO E BARBANZA","HOMES","2.508","46,72%"
"2020-11-01","A.S. SANTIAGO E BARBANZA","MULLERES","2.860","53,28%"
"2020-11-01","A.S. VIGO","HOMES","2.577","46,38%"
"2020-11-01","A.S. VIGO","MULLERES","2.979","53,62%"
"2020-11-02","GALICIA","HOMES","16.123","45,55%"
"2020-11-02","GALICIA","MULLERES","19.274","54,45%"
"2020-11-02","A.S. A CORUÑA E CEE","HOMES","3.832","45,95%"
"2020-11-02","A.S. A CORUÑA E CEE","MULLERES","4.507","54,05%"
"2020-11-02","A.S. FERROL","HOMES","917","43,28%"
"2020-11-02","A.S. FERROL","MULLERES","1.202","56,72%"
"2020-11-02","A.S. LUGO, A MARIÑA E MONFORTE","HOMES","1.887","44,66%"
"2020-11-02","A.S. LUGO, A MARIÑA E MONFORTE","MULLERES","2.338","55,34%"
"2020-11-02","A.S. OURENSE, VERÍN E O BARCO","HOMES","2.745","43,98%"
"2020-11-02","A.S. OURENSE, VERÍN E O BARCO","MULLERES","3.497","56,02%"
"2020-11-02","A.S. PONTEVEDRA E O SALNÉS","HOMES","1.593","46,96%"
"2020-11-02","A.S. PONTEVEDRA E O SALNÉS","MULLERES","1.799","53,04%"
"2020-11-02","A.S. SANTIAGO E BARBANZA","HOMES","2.529","46,66%"
"2020-11-02","A.S. SANTIAGO E BARBANZA","MULLERES","2.891","53,34%"
"2020-11-02","A.S. VIGO","HOMES","2.620","46,29%"
"2020-11-02","A.S. VIGO","MULLERES","3.040","53,71%"
"2020-11-03","GALICIA","HOMES","16.445","45,63%"
"2020-11-03","GALICIA","MULLERES","19.591","54,37%"
"2020-11-03","A.S. A CORUÑA E CEE","HOMES","3.895","46,05%"
"2020-11-03","A.S. A CORUÑA E CEE","MULLERES","4.564","53,95%"
"2020-11-03","A.S. FERROL","HOMES","949","43,47%"
"2020-11-03","A.S. FERROL","MULLERES","1.234","56,53%"
"2020-11-03","A.S. LUGO, A MARIÑA E MONFORTE","HOMES","1.926","44,82%"
"2020-11-03","A.S. LUGO, A MARIÑA E MONFORTE","MULLERES","2.371","55,18%"
"2020-11-03","A.S. OURENSE, VERÍN E O BARCO","HOMES","2.766","44,01%"
"2020-11-03","A.S. OURENSE, VERÍN E O BARCO","MULLERES","3.519","55,99%"
"2020-11-03","A.S. PONTEVEDRA E O SALNÉS","HOMES","1.618","46,98%"
"2020-11-03","A.S. PONTEVEDRA E O SALNÉS","MULLERES","1.826","53,02%"
"2020-11-03","A.S. SANTIAGO E BARBANZA","HOMES","2.566","46,58%"
"2020-11-03","A.S. SANTIAGO E BARBANZA","MULLERES","2.943","53,42%"
"2020-11-03","A.S. VIGO","HOMES","2.725","46,51%"
"2020-11-03","A.S. VIGO","MULLERES","3.134","53,49%"
"2020-11-04","GALICIA","HOMES","16.800","45,69%"
"2020-11-04","GALICIA","MULLERES","19.972","54,31%"
"2020-11-04","A.S. A CORUÑA E CEE","HOMES","3.952","46,08%"
"2020-11-04","A.S. A CORUÑA E CEE","MULLERES","4.625","53,92%"
"2020-11-04","A.S. FERROL","HOMES","989","43,66%"
"2020-11-04","A.S. FERROL","MULLERES","1.276","56,34%"
"2020-11-04","A.S. LUGO, A MARIÑA E MONFORTE","HOMES","1.968","45%"
"2020-11-04","A.S. LUGO, A MARIÑA E MONFORTE","MULLERES","2.405","55%"
"2020-11-04","A.S. OURENSE, VERÍN E O BARCO","HOMES","2.786","44,04%"
"2020-11-04","A.S. OURENSE, VERÍN E O BARCO","MULLERES","3.540","55,96%"
"2020-11-04","A.S. PONTEVEDRA E O SALNÉS","HOMES","1.656","46,79%"
"2020-11-04","A.S. PONTEVEDRA E O SALNÉS","MULLERES","1.883","53,21%"
"2020-11-04","A.S. SANTIAGO E BARBANZA","HOMES","2.602","46,56%"
"2020-11-04","A.S. SANTIAGO E BARBANZA","MULLERES","2.986","53,44%"
"2020-11-04","A.S. VIGO","HOMES","2.847","46,64%"
"2020-11-04","A.S. VIGO","MULLERES","3.257","53,36%"
"2020-11-05","GALICIA","HOMES","17.123","45,71%"
"2020-11-05","GALICIA","MULLERES","20.334","54,29%"
"2020-11-05","A.S. A CORUÑA E CEE","HOMES","4.018","46,08%"
"2020-11-05","A.S. A CORUÑA E CEE","MULLERES","4.702","53,92%"
"2020-11-05","A.S. FERROL","HOMES","1.020","43,95%"
"2020-11-05","A.S. FERROL","MULLERES","1.301","56,05%"
"2020-11-05","A.S. LUGO, A MARIÑA E MONFORTE","HOMES","2.020","45,08%"
"2020-11-05","A.S. LUGO, A MARIÑA E MONFORTE","MULLERES","2.461","54,92%"
"2020-11-05","A.S. OURENSE, VERÍN E O BARCO","HOMES","2.813","44,03%"
"2020-11-05","A.S. OURENSE, VERÍN E O BARCO","MULLERES","3.576","55,97%"
"2020-11-05","A.S. PONTEVEDRA E O SALNÉS","HOMES","1.701","46,85%"
"2020-11-05","A.S. PONTEVEDRA E O SALNÉS","MULLERES","1.930","53,15%"
"2020-11-05","A.S. SANTIAGO E BARBANZA","HOMES","2.630","46,57%"
"2020-11-05","A.S. SANTIAGO E BARBANZA","MULLERES","3.018","53,43%"
"2020-11-05","A.S. VIGO","HOMES","2.921","46,61%"
"2020-11-05","A.S. VIGO","MULLERES","3.346","53,39%"
"2020-11-06","GALICIA","HOMES","17.412","45,7%"
"2020-11-06","GALICIA","MULLERES","20.692","54,3%"
"2020-11-06","A.S. A CORUÑA E CEE","HOMES","4.084","46,07%"
"2020-11-06","A.S. A CORUÑA E CEE","MULLERES","4.781","53,93%"
"2020-11-06","A.S. FERROL","HOMES","1.039","44,03%"
"2020-11-06","A.S. FERROL","MULLERES","1.321","55,97%"
"2020-11-06","A.S. LUGO, A MARIÑA E MONFORTE","HOMES","2.062","45,01%"
"2020-11-06","A.S. LUGO, A MARIÑA E MONFORTE","MULLERES","2.519","54,99%"
"2020-11-06","A.S. OURENSE, VERÍN E O BARCO","HOMES","2.837","44,05%"
"2020-11-06","A.S. OURENSE, VERÍN E O BARCO","MULLERES","3.603","55,95%"
"2020-11-06","A.S. PONTEVEDRA E O SALNÉS","HOMES","1.739","46,91%"
"2020-11-06","A.S. PONTEVEDRA E O SALNÉS","MULLERES","1.968","53,09%"
"2020-11-06","A.S. SANTIAGO E BARBANZA","HOMES","2.659","46,49%"
"2020-11-06","A.S. SANTIAGO E BARBANZA","MULLERES","3.061","53,51%"
"2020-11-06","A.S. VIGO","HOMES","2.992","46,52%"
"2020-11-06","A.S. VIGO","MULLERES","3.439","53,48%"
"2020-11-07","GALICIA","HOMES","17.667","45,71%"
"2020-11-07","GALICIA","MULLERES","20.982","54,29%"
"2020-11-07","A.S. A CORUÑA E CEE","HOMES","4.139","45,99%"
"2020-11-07","A.S. A CORUÑA E CEE","MULLERES","4.861","54,01%"
"2020-11-07","A.S. FERROL","HOMES","1.054","43,84%"
"2020-11-07","A.S. FERROL","MULLERES","1.350","56,16%"
"2020-11-07","A.S. LUGO, A MARIÑA E MONFORTE","HOMES","2.094","45,11%"
"2020-11-07","A.S. LUGO, A MARIÑA E MONFORTE","MULLERES","2.548","54,89%"
"2020-11-07","A.S. OURENSE, VERÍN E O BARCO","HOMES","2.872","44,16%"
"2020-11-07","A.S. OURENSE, VERÍN E O BARCO","MULLERES","3.632","55,84%"
"2020-11-07","A.S. PONTEVEDRA E O SALNÉS","HOMES","1.772","46,94%"
"2020-11-07","A.S. PONTEVEDRA E O SALNÉS","MULLERES","2.003","53,06%"
"2020-11-07","A.S. SANTIAGO E BARBANZA","HOMES","2.691","46,56%"
"2020-11-07","A.S. SANTIAGO E BARBANZA","MULLERES","3.089","53,44%"
"2020-11-07","A.S. VIGO","HOMES","3.045","46,53%"
"2020-11-07","A.S. VIGO","MULLERES","3.499","53,47%"
"2020-11-08","GALICIA","HOMES","17.860","45,74%"
"2020-11-08","GALICIA","MULLERES","21.183","54,26%"
"2020-11-08","A.S. A CORUÑA E CEE","HOMES","4.198","46,09%"
"2020-11-08","A.S. A CORUÑA E CEE","MULLERES","4.911","53,91%"
"2020-11-08","A.S. FERROL","HOMES","1.066","43,87%"
"2020-11-08","A.S. FERROL","MULLERES","1.364","56,13%"
"2020-11-08","A.S. LUGO, A MARIÑA E MONFORTE","HOMES","2.127","45,26%"
"2020-11-08","A.S. LUGO, A MARIÑA E MONFORTE","MULLERES","2.572","54,74%"
"2020-11-08","A.S. OURENSE, VERÍN E O BARCO","HOMES","2.885","44,16%"
"2020-11-08","A.S. OURENSE, VERÍN E O BARCO","MULLERES","3.648","55,84%"
"2020-11-08","A.S. PONTEVEDRA E O SALNÉS","HOMES","1.801","46,9%"
"2020-11-08","A.S. PONTEVEDRA E O SALNÉS","MULLERES","2.039","53,1%"
"2020-11-08","A.S. SANTIAGO E BARBANZA","HOMES","2.717","46,6%"
"2020-11-08","A.S. SANTIAGO E BARBANZA","MULLERES","3.114","53,4%"
"2020-11-08","A.S. VIGO","HOMES","3.066","46,45%"
"2020-11-08","A.S. VIGO","MULLERES","3.535","53,55%"
"2020-11-09","GALICIA","HOMES","18.025","45,75%"
"2020-11-09","GALICIA","MULLERES","21.378","54,25%"
"2020-11-09","A.S. A CORUÑA E CEE","HOMES","4.231","46,11%"
"2020-11-09","A.S. A CORUÑA E CEE","MULLERES","4.944","53,89%"
"2020-11-09","A.S. FERROL","HOMES","1.076","43,92%"
"2020-11-09","A.S. FERROL","MULLERES","1.374","56,08%"
"2020-11-09","A.S. LUGO, A MARIÑA E MONFORTE","HOMES","2.154","45,33%"
"2020-11-09","A.S. LUGO, A MARIÑA E MONFORTE","MULLERES","2.598","54,67%"
"2020-11-09","A.S. OURENSE, VERÍN E O BARCO","HOMES","2.901","44,16%"
"2020-11-09","A.S. OURENSE, VERÍN E O BARCO","MULLERES","3.669","55,84%"
"2020-11-09","A.S. PONTEVEDRA E O SALNÉS","HOMES","1.816","46,79%"
"2020-11-09","A.S. PONTEVEDRA E O SALNÉS","MULLERES","2.065","53,21%"
"2020-11-09","A.S. SANTIAGO E BARBANZA","HOMES","2.729","46,56%"
"2020-11-09","A.S. SANTIAGO E BARBANZA","MULLERES","3.132","53,44%"
"2020-11-09","A.S. VIGO","HOMES","3.118","46,44%"
"2020-11-09","A.S. VIGO","MULLERES","3.596","53,56%"
"2020-11-10","GALICIA","HOMES","18.250","45,72%"
"2020-11-10","GALICIA","MULLERES","21.667","54,28%"
"2020-11-10","A.S. A CORUÑA E CEE","HOMES","4.283","46,11%"
"2020-11-10","A.S. A CORUÑA E CEE","MULLERES","5.005","53,89%"
"2020-11-10","A.S. FERROL","HOMES","1.093","43,97%"
"2020-11-10","A.S. FERROL","MULLERES","1.393","56,03%"
"2020-11-10","A.S. LUGO, A MARIÑA E MONFORTE","HOMES","2.172","45,37%"
"2020-11-10","A.S. LUGO, A MARIÑA E MONFORTE","MULLERES","2.615","54,63%"
"2020-11-10","A.S. OURENSE, VERÍN E O BARCO","HOMES","2.920","44,16%"
"2020-11-10","A.S. OURENSE, VERÍN E O BARCO","MULLERES","3.693","55,84%"
"2020-11-10","A.S. PONTEVEDRA E O SALNÉS","HOMES","1.848","46,84%"
"2020-11-10","A.S. PONTEVEDRA E O SALNÉS","MULLERES","2.097","53,16%"
"2020-11-10","A.S. SANTIAGO E BARBANZA","HOMES","2.763","46,55%"
"2020-11-10","A.S. SANTIAGO E BARBANZA","MULLERES","3.172","53,45%"
"2020-11-10","A.S. VIGO","HOMES","3.171","46,2%"
"2020-11-10","A.S. VIGO","MULLERES","3.692","53,8%"
"2020-11-11","GALICIA","HOMES","18.492","45,74%"
"2020-11-11","GALICIA","MULLERES","21.936","54,26%"
"2020-11-11","A.S. A CORUÑA E CEE","HOMES","4.335","46,09%"
"2020-11-11","A.S. A CORUÑA E CEE","MULLERES","5.071","53,91%"
"2020-11-11","A.S. FERROL","HOMES","1.106","44,06%"
"2020-11-11","A.S. FERROL","MULLERES","1.404","55,94%"
"2020-11-11","A.S. LUGO, A MARIÑA E MONFORTE","HOMES","2.206","45,46%"
"2020-11-11","A.S. LUGO, A MARIÑA E MONFORTE","MULLERES","2.647","54,54%"
"2020-11-11","A.S. OURENSE, VERÍN E O BARCO","HOMES","2.943","44,24%"
"2020-11-11","A.S. OURENSE, VERÍN E O BARCO","MULLERES","3.710","55,76%"
"2020-11-11","A.S. PONTEVEDRA E O SALNÉS","HOMES","1.869","46,66%"
"2020-11-11","A.S. PONTEVEDRA E O SALNÉS","MULLERES","2.137","53,34%"
"2020-11-11","A.S. SANTIAGO E BARBANZA","HOMES","2.787","46,47%"
"2020-11-11","A.S. SANTIAGO E BARBANZA","MULLERES","3.210","53,53%"
"2020-11-11","A.S. VIGO","HOMES","3.246","46,35%"
"2020-11-11","A.S. VIGO","MULLERES","3.757","53,65%"
"2020-11-12","GALICIA","HOMES","18.762","45,72%"
"2020-11-12","GALICIA","MULLERES","22.278","54,28%"
"2020-11-12","A.S. A CORUÑA E CEE","HOMES","4.393","46,14%"
"2020-11-12","A.S. A CORUÑA E CEE","MULLERES","5.129","53,86%"
"2020-11-12","A.S. FERROL","HOMES","1.117","43,77%"
"2020-11-12","A.S. FERROL","MULLERES","1.435","56,23%"
"2020-11-12","A.S. LUGO, A MARIÑA E MONFORTE","HOMES","2.231","45,59%"
"2020-11-12","A.S. LUGO, A MARIÑA E MONFORTE","MULLERES","2.663","54,41%"
"2020-11-12","A.S. OURENSE, VERÍN E O BARCO","HOMES","2.958","44,23%"
"2020-11-12","A.S. OURENSE, VERÍN E O BARCO","MULLERES","3.730","55,77%"
"2020-11-12","A.S. PONTEVEDRA E O SALNÉS","HOMES","1.903","46,76%"
"2020-11-12","A.S. PONTEVEDRA E O SALNÉS","MULLERES","2.167","53,24%"
"2020-11-12","A.S. SANTIAGO E BARBANZA","HOMES","2.829","46,44%"
"2020-11-12","A.S. SANTIAGO E BARBANZA","MULLERES","3.263","53,56%"
"2020-11-12","A.S. VIGO","HOMES","3.331","46,12%"
"2020-11-12","A.S. VIGO","MULLERES","3.891","53,88%"
"2020-11-13","GALICIA","HOMES","19.021","45,63%"
"2020-11-13","GALICIA","MULLERES","22.665","54,37%"
"2020-11-13","A.S. A CORUÑA E CEE","HOMES","4.438","46,12%"
"2020-11-13","A.S. A CORUÑA E CEE","MULLERES","5.184","53,88%"
"2020-11-13","A.S. FERROL","HOMES","1.139","43,72%"
"2020-11-13","A.S. FERROL","MULLERES","1.466","56,28%"
"2020-11-13","A.S. LUGO, A MARIÑA E MONFORTE","HOMES","2.286","45,64%"
"2020-11-13","A.S. LUGO, A MARIÑA E MONFORTE","MULLERES","2.723","54,36%"
"2020-11-13","A.S. OURENSE, VERÍN E O BARCO","HOMES","2.973","44,16%"
"2020-11-13","A.S. OURENSE, VERÍN E O BARCO","MULLERES","3.759","55,84%"
"2020-11-13","A.S. PONTEVEDRA E O SALNÉS","HOMES","1.932","46,7%"
"2020-11-13","A.S. PONTEVEDRA E O SALNÉS","MULLERES","2.205","53,3%"
"2020-11-13","A.S. SANTIAGO E BARBANZA","HOMES","2.853","46,43%"
"2020-11-13","A.S. SANTIAGO E BARBANZA","MULLERES","3.292","53,57%"
"2020-11-13","A.S. VIGO","HOMES","3.400","45,72%"
"2020-11-13","A.S. VIGO","MULLERES","4.036","54,28%"
"2020-11-14","GALICIA","HOMES","19.245","45,63%"
"2020-11-14","GALICIA","MULLERES","22.929","54,37%"
"2020-11-14","A.S. A CORUÑA E CEE","HOMES","4.489","46,15%"
"2020-11-14","A.S. A CORUÑA E CEE","MULLERES","5.238","53,85%"
"2020-11-14","A.S. FERROL","HOMES","1.154","43,91%"
"2020-11-14","A.S. FERROL","MULLERES","1.474","56,09%"
"2020-11-14","A.S. LUGO, A MARIÑA E MONFORTE","HOMES","2.318","45,71%"
"2020-11-14","A.S. LUGO, A MARIÑA E MONFORTE","MULLERES","2.753","54,29%"
"2020-11-14","A.S. OURENSE, VERÍN E O BARCO","HOMES","2.989","44,14%"
"2020-11-14","A.S. OURENSE, VERÍN E O BARCO","MULLERES","3.782","55,86%"
"2020-11-14","A.S. PONTEVEDRA E O SALNÉS","HOMES","1.954","46,69%"
"2020-11-14","A.S. PONTEVEDRA E O SALNÉS","MULLERES","2.231","53,31%"
"2020-11-14","A.S. SANTIAGO E BARBANZA","HOMES","2.878","46,36%"
"2020-11-14","A.S. SANTIAGO E BARBANZA","MULLERES","3.330","53,64%"
"2020-11-14","A.S. VIGO","HOMES","3.463","45,66%"
"2020-11-14","A.S. VIGO","MULLERES","4.121","54,34%"
"2020-11-15","GALICIA","HOMES","19.450","45,64%"
"2020-11-15","GALICIA","MULLERES","23.169","54,36%"
"2020-11-15","A.S. A CORUÑA E CEE","HOMES","4.542","46,2%"
"2020-11-15","A.S. A CORUÑA E CEE","MULLERES","5.289","53,8%"
"2020-11-15","A.S. FERROL","HOMES","1.166","43,9%"
"2020-11-15","A.S. FERROL","MULLERES","1.490","56,1%"
"2020-11-15","A.S. LUGO, A MARIÑA E MONFORTE","HOMES","2.347","45,64%"
"2020-11-15","A.S. LUGO, A MARIÑA E MONFORTE","MULLERES","2.795","54,36%"
"2020-11-15","A.S. OURENSE, VERÍN E O BARCO","HOMES","3.007","44,18%"
"2020-11-15","A.S. OURENSE, VERÍN E O BARCO","MULLERES","3.799","55,82%"
"2020-11-15","A.S. PONTEVEDRA E O SALNÉS","HOMES","1.975","46,64%"
"2020-11-15","A.S. PONTEVEDRA E O SALNÉS","MULLERES","2.260","53,36%"
"2020-11-15","A.S. SANTIAGO E BARBANZA","HOMES","2.908","46,36%"
"2020-11-15","A.S. SANTIAGO E BARBANZA","MULLERES","3.364","53,64%"
"2020-11-15","A.S. VIGO","HOMES","3.505","45,66%"
"2020-11-15","A.S. VIGO","MULLERES","4.172","54,34%"
"2020-11-16","GALICIA","HOMES","19.645","45,68%"
"2020-11-16","GALICIA","MULLERES","23.362","54,32%"
"2020-11-16","A.S. A CORUÑA E CEE","HOMES","4.572","46,21%"
"2020-11-16","A.S. A CORUÑA E CEE","MULLERES","5.321","53,79%"
"2020-11-16","A.S. FERROL","HOMES","1.187","44,04%"
"2020-11-16","A.S. FERROL","MULLERES","1.508","55,96%"
"2020-11-16","A.S. LUGO, A MARIÑA E MONFORTE","HOMES","2.374","45,66%"
"2020-11-16","A.S. LUGO, A MARIÑA E MONFORTE","MULLERES","2.825","54,34%"
"2020-11-16","A.S. OURENSE, VERÍN E O BARCO","HOMES","3.023","44,25%"
"2020-11-16","A.S. OURENSE, VERÍN E O BARCO","MULLERES","3.809","55,75%"
"2020-11-16","A.S. PONTEVEDRA E O SALNÉS","HOMES","2.005","46,6%"
"2020-11-16","A.S. PONTEVEDRA E O SALNÉS","MULLERES","2.298","53,4%"
"2020-11-16","A.S. SANTIAGO E BARBANZA","HOMES","2.929","46,4%"
"2020-11-16","A.S. SANTIAGO E BARBANZA","MULLERES","3.383","53,6%"
"2020-11-16","A.S. VIGO","HOMES","3.555","45,74%"
"2020-11-16","A.S. VIGO","MULLERES","4.218","54,26%"
"2020-11-17","GALICIA","HOMES","19.880","45,69%"
"2020-11-17","GALICIA","MULLERES","23.628","54,31%"
"2020-11-17","A.S. A CORUÑA E CEE","HOMES","4.628","46,21%"
"2020-11-17","A.S. A CORUÑA E CEE","MULLERES","5.387","53,79%"
"2020-11-17","A.S. FERROL","HOMES","1.195","44%"
"2020-11-17","A.S. FERROL","MULLERES","1.521","56%"
"2020-11-17","A.S. LUGO, A MARIÑA E MONFORTE","HOMES","2.414","45,83%"
"2020-11-17","A.S. LUGO, A MARIÑA E MONFORTE","MULLERES","2.853","54,17%"
"2020-11-17","A.S. OURENSE, VERÍN E O BARCO","HOMES","3.039","44,27%"
"2020-11-17","A.S. OURENSE, VERÍN E O BARCO","MULLERES","3.826","55,73%"
"2020-11-17","A.S. PONTEVEDRA E O SALNÉS","HOMES","2.041","46,47%"
"2020-11-17","A.S. PONTEVEDRA E O SALNÉS","MULLERES","2.351","53,53%"
"2020-11-17","A.S. SANTIAGO E BARBANZA","HOMES","2.959","46,44%"
"2020-11-17","A.S. SANTIAGO E BARBANZA","MULLERES","3.413","53,56%"
"2020-11-17","A.S. VIGO","HOMES","3.604","45,73%"
"2020-11-17","A.S. VIGO","MULLERES","4.277","54,27%"
"2020-11-18","GALICIA","HOMES","20.207","45,74%"
"2020-11-18","GALICIA","MULLERES","23.969","54,26%"
"2020-11-18","A.S. A CORUÑA E CEE","HOMES","4.689","46,26%"
"2020-11-18","A.S. A CORUÑA E CEE","MULLERES","5.448","53,74%"
"2020-11-18","A.S. FERROL","HOMES","1.211","44,04%"
"2020-11-18","A.S. FERROL","MULLERES","1.539","55,96%"
"2020-11-18","A.S. LUGO, A MARIÑA E MONFORTE","HOMES","2.445","45,98%"
"2020-11-18","A.S. LUGO, A MARIÑA E MONFORTE","MULLERES","2.872","54,02%"
"2020-11-18","A.S. OURENSE, VERÍN E O BARCO","HOMES","3.060","44,3%"
"2020-11-18","A.S. OURENSE, VERÍN E O BARCO","MULLERES","3.848","55,7%"
"2020-11-18","A.S. PONTEVEDRA E O SALNÉS","HOMES","2.078","46,58%"
"2020-11-18","A.S. PONTEVEDRA E O SALNÉS","MULLERES","2.383","53,42%"
"2020-11-18","A.S. SANTIAGO E BARBANZA","HOMES","2.992","46,46%"
"2020-11-18","A.S. SANTIAGO E BARBANZA","MULLERES","3.448","53,54%"
"2020-11-18","A.S. VIGO","HOMES","3.732","45,72%"
"2020-11-18","A.S. VIGO","MULLERES","4.431","54,28%"
"2020-11-19","GALICIA","HOMES","20.500","45,69%"
"2020-11-19","GALICIA","MULLERES","24.364","54,31%"
"2020-11-19","A.S. A CORUÑA E CEE","HOMES","4.735","46,23%"
"2020-11-19","A.S. A CORUÑA E CEE","MULLERES","5.507","53,77%"
"2020-11-19","A.S. FERROL","HOMES","1.232","44,17%"
"2020-11-19","A.S. FERROL","MULLERES","1.557","55,83%"
"2020-11-19","A.S. LUGO, A MARIÑA E MONFORTE","HOMES","2.510","45,76%"
"2020-11-19","A.S. LUGO, A MARIÑA E MONFORTE","MULLERES","2.975","54,24%"
"2020-11-19","A.S. OURENSE, VERÍN E O BARCO","HOMES","3.087","44,4%"
"2020-11-19","A.S. OURENSE, VERÍN E O BARCO","MULLERES","3.865","55,6%"
"2020-11-19","A.S. PONTEVEDRA E O SALNÉS","HOMES","2.112","46,47%"
"2020-11-19","A.S. PONTEVEDRA E O SALNÉS","MULLERES","2.433","53,53%"
"2020-11-19","A.S. SANTIAGO E BARBANZA","HOMES","3.023","46,38%"
"2020-11-19","A.S. SANTIAGO E BARBANZA","MULLERES","3.495","53,62%"
"2020-11-19","A.S. VIGO","HOMES","3.801","45,61%"
"2020-11-19","A.S. VIGO","MULLERES","4.532","54,39%"
"2020-11-20","GALICIA","HOMES","20.755","45,71%"
"2020-11-20","GALICIA","MULLERES","24.649","54,29%"
"2020-11-20","A.S. A CORUÑA E CEE","HOMES","4.787","46,24%"
"2020-11-20","A.S. A CORUÑA E CEE","MULLERES","5.565","53,76%"
"2020-11-20","A.S. FERROL","HOMES","1.251","44,3%"
"2020-11-20","A.S. FERROL","MULLERES","1.573","55,7%"
"2020-11-20","A.S. LUGO, A MARIÑA E MONFORTE","HOMES","2.539","45,83%"
"2020-11-20","A.S. LUGO, A MARIÑA E MONFORTE","MULLERES","3.001","54,17%"
"2020-11-20","A.S. OURENSE, VERÍN E O BARCO","HOMES","3.095","44,31%"
"2020-11-20","A.S. OURENSE, VERÍN E O BARCO","MULLERES","3.890","55,69%"
"2020-11-20","A.S. PONTEVEDRA E O SALNÉS","HOMES","2.162","46,68%"
"2020-11-20","A.S. PONTEVEDRA E O SALNÉS","MULLERES","2.470","53,32%"
"2020-11-20","A.S. SANTIAGO E BARBANZA","HOMES","3.056","46,39%"
"2020-11-20","A.S. SANTIAGO E BARBANZA","MULLERES","3.531","53,61%"
"2020-11-20","A.S. VIGO","HOMES","3.865","45,56%"
"2020-11-20","A.S. VIGO","MULLERES","4.619","54,44%"
"2020-11-21","GALICIA","HOMES","20.960","45,69%"
"2020-11-21","GALICIA","MULLERES","24.913","54,31%"
"2020-11-21","A.S. A CORUÑA E CEE","HOMES","4.843","46,24%"
"2020-11-21","A.S. A CORUÑA E CEE","MULLERES","5.631","53,76%"
"2020-11-21","A.S. FERROL","HOMES","1.268","44,23%"
"2020-11-21","A.S. FERROL","MULLERES","1.599","55,77%"
"2020-11-21","A.S. LUGO, A MARIÑA E MONFORTE","HOMES","2.565","45,84%"
"2020-11-21","A.S. LUGO, A MARIÑA E MONFORTE","MULLERES","3.031","54,16%"
"2020-11-21","A.S. OURENSE, VERÍN E O BARCO","HOMES","3.112","44,3%"
"2020-11-21","A.S. OURENSE, VERÍN E O BARCO","MULLERES","3.913","55,7%"
"2020-11-21","A.S. PONTEVEDRA E O SALNÉS","HOMES","2.182","46,59%"
"2020-11-21","A.S. PONTEVEDRA E O SALNÉS","MULLERES","2.501","53,41%"
"2020-11-21","A.S. SANTIAGO E BARBANZA","HOMES","3.077","46,3%"
"2020-11-21","A.S. SANTIAGO E BARBANZA","MULLERES","3.569","53,7%"
"2020-11-21","A.S. VIGO","HOMES","3.913","45,6%"
"2020-11-21","A.S. VIGO","MULLERES","4.669","54,4%"
"2020-11-22","GALICIA","HOMES","21.117","45,71%"
"2020-11-22","GALICIA","MULLERES","25.081","54,29%"
"2020-11-22","A.S. A CORUÑA E CEE","HOMES","4.875","46,23%"
"2020-11-22","A.S. A CORUÑA E CEE","MULLERES","5.671","53,77%"
"2020-11-22","A.S. FERROL","HOMES","1.289","44,2%"
"2020-11-22","A.S. FERROL","MULLERES","1.627","55,8%"
"2020-11-22","A.S. LUGO, A MARIÑA E MONFORTE","HOMES","2.585","45,88%"
"2020-11-22","A.S. LUGO, A MARIÑA E MONFORTE","MULLERES","3.049","54,12%"
"2020-11-22","A.S. OURENSE, VERÍN E O BARCO","HOMES","3.122","44,34%"
"2020-11-22","A.S. OURENSE, VERÍN E O BARCO","MULLERES","3.919","55,66%"
"2020-11-22","A.S. PONTEVEDRA E O SALNÉS","HOMES","2.211","46,54%"
"2020-11-22","A.S. PONTEVEDRA E O SALNÉS","MULLERES","2.540","53,46%"
"2020-11-22","A.S. SANTIAGO E BARBANZA","HOMES","3.098","46,34%"
"2020-11-22","A.S. SANTIAGO E BARBANZA","MULLERES","3.588","53,66%"
"2020-11-22","A.S. VIGO","HOMES","3.937","45,65%"
"2020-11-22","A.S. VIGO","MULLERES","4.687","54,35%"
"2020-11-23","GALICIA","HOMES","21.279","45,73%"
"2020-11-23","GALICIA","MULLERES","25.248","54,27%"
"2020-11-23","A.S. A CORUÑA E CEE","HOMES","4.909","46,32%"
"2020-11-23","A.S. A CORUÑA E CEE","MULLERES","5.690","53,68%"
"2020-11-23","A.S. FERROL","HOMES","1.304","44,29%"
"2020-11-23","A.S. FERROL","MULLERES","1.640","55,71%"
"2020-11-23","A.S. LUGO, A MARIÑA E MONFORTE","HOMES","2.610","45,84%"
"2020-11-23","A.S. LUGO, A MARIÑA E MONFORTE","MULLERES","3.084","54,16%"
"2020-11-23","A.S. OURENSE, VERÍN E O BARCO","HOMES","3.132","44,36%"
"2020-11-23","A.S. OURENSE, VERÍN E O BARCO","MULLERES","3.929","55,64%"
"2020-11-23","A.S. PONTEVEDRA E O SALNÉS","HOMES","2.249","46,55%"
"2020-11-23","A.S. PONTEVEDRA E O SALNÉS","MULLERES","2.582","53,45%"
"2020-11-23","A.S. SANTIAGO E BARBANZA","HOMES","3.123","46,36%"
"2020-11-23","A.S. SANTIAGO E BARBANZA","MULLERES","3.614","53,64%"
"2020-11-23","A.S. VIGO","HOMES","3.952","45,63%"
"2020-11-23","A.S. VIGO","MULLERES","4.709","54,37%"
"2020-11-24","GALICIA","HOMES","21.498","45,71%"
"2020-11-24","GALICIA","MULLERES","25.532","54,29%"
"2020-11-24","A.S. A CORUÑA E CEE","HOMES","4.950","46,27%"
"2020-11-24","A.S. A CORUÑA E CEE","MULLERES","5.748","53,73%"
"2020-11-24","A.S. FERROL","HOMES","1.312","44,28%"
"2020-11-24","A.S. FERROL","MULLERES","1.651","55,72%"
"2020-11-24","A.S. LUGO, A MARIÑA E MONFORTE","HOMES","2.626","45,83%"
"2020-11-24","A.S. LUGO, A MARIÑA E MONFORTE","MULLERES","3.104","54,17%"
"2020-11-24","A.S. OURENSE, VERÍN E O BARCO","HOMES","3.142","44,32%"
"2020-11-24","A.S. OURENSE, VERÍN E O BARCO","MULLERES","3.947","55,68%"
"2020-11-24","A.S. PONTEVEDRA E O SALNÉS","HOMES","2.269","46,51%"
"2020-11-24","A.S. PONTEVEDRA E O SALNÉS","MULLERES","2.610","53,49%"
"2020-11-24","A.S. SANTIAGO E BARBANZA","HOMES","3.145","46,38%"
"2020-11-24","A.S. SANTIAGO E BARBANZA","MULLERES","3.636","53,62%"
"2020-11-24","A.S. VIGO","HOMES","4.054","45,6%"
"2020-11-24","A.S. VIGO","MULLERES","4.836","54,4%"
"2020-11-25","GALICIA","HOMES","21.688","45,7%"
"2020-11-25","GALICIA","MULLERES","25.774","54,3%"
"2020-11-25","A.S. A CORUÑA E CEE","HOMES","4.987","46,24%"
"2020-11-25","A.S. A CORUÑA E CEE","MULLERES","5.797","53,76%"
"2020-11-25","A.S. FERROL","HOMES","1.333","44,37%"
"2020-11-25","A.S. FERROL","MULLERES","1.671","55,63%"
"2020-11-25","A.S. LUGO, A MARIÑA E MONFORTE","HOMES","2.655","45,93%"
"2020-11-25","A.S. LUGO, A MARIÑA E MONFORTE","MULLERES","3.125","54,07%"
"2020-11-25","A.S. OURENSE, VERÍN E O BARCO","HOMES","3.153","44,36%"
"2020-11-25","A.S. OURENSE, VERÍN E O BARCO","MULLERES","3.955","55,64%"
"2020-11-25","A.S. PONTEVEDRA E O SALNÉS","HOMES","2.288","46,38%"
"2020-11-25","A.S. PONTEVEDRA E O SALNÉS","MULLERES","2.645","53,62%"
"2020-11-25","A.S. SANTIAGO E BARBANZA","HOMES","3.161","46,29%"
"2020-11-25","A.S. SANTIAGO E BARBANZA","MULLERES","3.668","53,71%"
"2020-11-25","A.S. VIGO","HOMES","4.111","45,56%"
"2020-11-25","A.S. VIGO","MULLERES","4.913","54,44%"
"2020-11-26","GALICIA","HOMES","21.868","45,67%"
"2020-11-26","GALICIA","MULLERES","26.014","54,33%"
"2020-11-26","A.S. A CORUÑA E CEE","HOMES","5.024","46,24%"
"2020-11-26","A.S. A CORUÑA E CEE","MULLERES","5.840","53,76%"
"2020-11-26","A.S. FERROL","HOMES","1.352","43,98%"
"2020-11-26","A.S. FERROL","MULLERES","1.722","56,02%"
"2020-11-26","A.S. LUGO, A MARIÑA E MONFORTE","HOMES","2.665","45,85%"
"2020-11-26","A.S. LUGO, A MARIÑA E MONFORTE","MULLERES","3.147","54,15%"
"2020-11-26","A.S. OURENSE, VERÍN E O BARCO","HOMES","3.160","44,36%"
"2020-11-26","A.S. OURENSE, VERÍN E O BARCO","MULLERES","3.963","55,64%"
"2020-11-26","A.S. PONTEVEDRA E O SALNÉS","HOMES","2.314","46,39%"
"2020-11-26","A.S. PONTEVEDRA E O SALNÉS","MULLERES","2.674","53,61%"
"2020-11-26","A.S. SANTIAGO E BARBANZA","HOMES","3.190","46,35%"
"2020-11-26","A.S. SANTIAGO E BARBANZA","MULLERES","3.692","53,65%"
"2020-11-26","A.S. VIGO","HOMES","4.163","45,55%"
"2020-11-26","A.S. VIGO","MULLERES","4.976","54,45%"
"2020-11-27","GALICIA","HOMES","22.020","45,66%"
"2020-11-27","GALICIA","MULLERES","26.204","54,34%"
"2020-11-27","A.S. A CORUÑA E CEE","HOMES","5.055","46,18%"
"2020-11-27","A.S. A CORUÑA E CEE","MULLERES","5.892","53,82%"
"2020-11-27","A.S. FERROL","HOMES","1.369","44,39%"
"2020-11-27","A.S. FERROL","MULLERES","1.715","55,61%"
"2020-11-27","A.S. LUGO, A MARIÑA E MONFORTE","HOMES","2.682","45,67%"
"2020-11-27","A.S. LUGO, A MARIÑA E MONFORTE","MULLERES","3.191","54,33%"
"2020-11-27","A.S. OURENSE, VERÍN E O BARCO","HOMES","3.166","44,34%"
"2020-11-27","A.S. OURENSE, VERÍN E O BARCO","MULLERES","3.975","55,66%"
"2020-11-27","A.S. PONTEVEDRA E O SALNÉS","HOMES","2.339","46,39%"
"2020-11-27","A.S. PONTEVEDRA E O SALNÉS","MULLERES","2.703","53,61%"
"2020-11-27","A.S. SANTIAGO E BARBANZA","HOMES","3.208","46,34%"
"2020-11-27","A.S. SANTIAGO E BARBANZA","MULLERES","3.715","53,66%"
"2020-11-27","A.S. VIGO","HOMES","4.201","45,59%"
"2020-11-27","A.S. VIGO","MULLERES","5.013","54,41%"
"2020-11-28","GALICIA","HOMES","22.175","45,67%"
"2020-11-28","GALICIA","MULLERES","26.379","54,33%"
"2020-11-28","A.S. A CORUÑA E CEE","HOMES","5.081","46,15%"
"2020-11-28","A.S. A CORUÑA E CEE","MULLERES","5.929","53,85%"
"2020-11-28","A.S. FERROL","HOMES","1.378","44,44%"
"2020-11-28","A.S. FERROL","MULLERES","1.723","55,56%"
"2020-11-28","A.S. LUGO, A MARIÑA E MONFORTE","HOMES","2.698","45,7%"
"2020-11-28","A.S. LUGO, A MARIÑA E MONFORTE","MULLERES","3.206","54,3%"
"2020-11-28","A.S. OURENSE, VERÍN E O BARCO","HOMES","3.170","44,32%"
"2020-11-28","A.S. OURENSE, VERÍN E O BARCO","MULLERES","3.983","55,68%"
"2020-11-28","A.S. PONTEVEDRA E O SALNÉS","HOMES","2.365","46,4%"
"2020-11-28","A.S. PONTEVEDRA E O SALNÉS","MULLERES","2.732","53,6%"
"2020-11-28","A.S. SANTIAGO E BARBANZA","HOMES","3.237","46,48%"
"2020-11-28","A.S. SANTIAGO E BARBANZA","MULLERES","3.728","53,52%"
"2020-11-28","A.S. VIGO","HOMES","4.246","45,54%"
"2020-11-28","A.S. VIGO","MULLERES","5.078","54,46%"
"2020-11-29","GALICIA","HOMES","22.275","45,65%"
"2020-11-29","GALICIA","MULLERES","26.518","54,35%"
"2020-11-29","A.S. A CORUÑA E CEE","HOMES","5.108","46,13%"
"2020-11-29","A.S. A CORUÑA E CEE","MULLERES","5.965","53,87%"
"2020-11-29","A.S. FERROL","HOMES","1.389","44,41%"
"2020-11-29","A.S. FERROL","MULLERES","1.739","55,59%"
"2020-11-29","A.S. LUGO, A MARIÑA E MONFORTE","HOMES","2.706","45,65%"
"2020-11-29","A.S. LUGO, A MARIÑA E MONFORTE","MULLERES","3.222","54,35%"
"2020-11-29","A.S. OURENSE, VERÍN E O BARCO","HOMES","3.175","44,31%"
"2020-11-29","A.S. OURENSE, VERÍN E O BARCO","MULLERES","3.991","55,69%"
"2020-11-29","A.S. PONTEVEDRA E O SALNÉS","HOMES","2.382","46,24%"
"2020-11-29","A.S. PONTEVEDRA E O SALNÉS","MULLERES","2.769","53,76%"
"2020-11-29","A.S. SANTIAGO E BARBANZA","HOMES","3.253","46,55%"
"2020-11-29","A.S. SANTIAGO E BARBANZA","MULLERES","3.735","53,45%"
"2020-11-29","A.S. VIGO","HOMES","4.262","45,54%"
"2020-11-29","A.S. VIGO","MULLERES","5.097","54,46%"
"2020-11-30","GALICIA","HOMES","22.375","45,65%"
"2020-11-30","GALICIA","MULLERES","26.643","54,35%"
"2020-11-30","A.S. A CORUÑA E CEE","HOMES","5.125","46,13%"
"2020-11-30","A.S. A CORUÑA E CEE","MULLERES","5.984","53,87%"
"2020-11-30","A.S. FERROL","HOMES","1.397","44,49%"
"2020-11-30","A.S. FERROL","MULLERES","1.743","55,51%"
"2020-11-30","A.S. LUGO, A MARIÑA E MONFORTE","HOMES","2.721","45,61%"
"2020-11-30","A.S. LUGO, A MARIÑA E MONFORTE","MULLERES","3.245","54,39%"
"2020-11-30","A.S. OURENSE, VERÍN E O BARCO","HOMES","3.181","44,35%"
"2020-11-30","A.S. OURENSE, VERÍN E O BARCO","MULLERES","3.991","55,65%"
"2020-11-30","A.S. PONTEVEDRA E O SALNÉS","HOMES","2.398","46,11%"
"2020-11-30","A.S. PONTEVEDRA E O SALNÉS","MULLERES","2.803","53,89%"
"2020-11-30","A.S. SANTIAGO E BARBANZA","HOMES","3.268","46,6%"
"2020-11-30","A.S. SANTIAGO E BARBANZA","MULLERES","3.745","53,4%"
"2020-11-30","A.S. VIGO","HOMES","4.285","45,5%"
"2020-11-30","A.S. VIGO","MULLERES","5.132","54,5%"
"2020-12-01","GALICIA","HOMES","22.519","45,63%"
"2020-12-01","GALICIA","MULLERES","26.835","54,37%"
"2020-12-01","A.S. A CORUÑA E CEE","HOMES","5.154","46,17%"
"2020-12-01","A.S. A CORUÑA E CEE","MULLERES","6.008","53,83%"
"2020-12-01","A.S. FERROL","HOMES","1.407","44,4%"
"2020-12-01","A.S. FERROL","MULLERES","1.762","55,6%"
"2020-12-01","A.S. LUGO, A MARIÑA E MONFORTE","HOMES","2.734","45,54%"
"2020-12-01","A.S. LUGO, A MARIÑA E MONFORTE","MULLERES","3.269","54,46%"
"2020-12-01","A.S. OURENSE, VERÍN E O BARCO","HOMES","3.190","44,36%"
"2020-12-01","A.S. OURENSE, VERÍN E O BARCO","MULLERES","4.001","55,64%"
"2020-12-01","A.S. PONTEVEDRA E O SALNÉS","HOMES","2.410","45,97%"
"2020-12-01","A.S. PONTEVEDRA E O SALNÉS","MULLERES","2.832","54,03%"
"2020-12-01","A.S. SANTIAGO E BARBANZA","HOMES","3.286","46,62%"
"2020-12-01","A.S. SANTIAGO E BARBANZA","MULLERES","3.762","53,38%"
"2020-12-01","A.S. VIGO","HOMES","4.338","45,48%"
"2020-12-01","A.S. VIGO","MULLERES","5.201","54,52%"
"2020-12-02","GALICIA","HOMES","22.671","45,61%"
"2020-12-02","GALICIA","MULLERES","27.037","54,39%"
"2020-12-02","A.S. A CORUÑA E CEE","HOMES","5.183","46,17%"
"2020-12-02","A.S. A CORUÑA E CEE","MULLERES","6.042","53,83%"
"2020-12-02","A.S. FERROL","HOMES","1.414","44,34%"
"2020-12-02","A.S. FERROL","MULLERES","1.775","55,66%"
"2020-12-02","A.S. LUGO, A MARIÑA E MONFORTE","HOMES","2.751","45,57%"
"2020-12-02","A.S. LUGO, A MARIÑA E MONFORTE","MULLERES","3.286","54,43%"
"2020-12-02","A.S. OURENSE, VERÍN E O BARCO","HOMES","3.203","44,28%"
"2020-12-02","A.S. OURENSE, VERÍN E O BARCO","MULLERES","4.030","55,72%"
"2020-12-02","A.S. PONTEVEDRA E O SALNÉS","HOMES","2.431","46,02%"
"2020-12-02","A.S. PONTEVEDRA E O SALNÉS","MULLERES","2.851","53,98%"
"2020-12-02","A.S. SANTIAGO E BARBANZA","HOMES","3.307","46,58%"
"2020-12-02","A.S. SANTIAGO E BARBANZA","MULLERES","3.793","53,42%"
"2020-12-02","A.S. VIGO","HOMES","4.382","45,45%"
"2020-12-02","A.S. VIGO","MULLERES","5.260","54,55%"
"2020-12-03","GALICIA","HOMES","22.802","45,6%"
"2020-12-03","GALICIA","MULLERES","27.199","54,4%"
"2020-12-03","A.S. A CORUÑA E CEE","HOMES","5.207","46,17%"
"2020-12-03","A.S. A CORUÑA E CEE","MULLERES","6.071","53,83%"
"2020-12-03","A.S. FERROL","HOMES","1.419","44,26%"
"2020-12-03","A.S. FERROL","MULLERES","1.787","55,74%"
"2020-12-03","A.S. LUGO, A MARIÑA E MONFORTE","HOMES","2.769","45,63%"
"2020-12-03","A.S. LUGO, A MARIÑA E MONFORTE","MULLERES","3.300","54,37%"
"2020-12-03","A.S. OURENSE, VERÍN E O BARCO","HOMES","3.214","44,3%"
"2020-12-03","A.S. OURENSE, VERÍN E O BARCO","MULLERES","4.041","55,7%"
"2020-12-03","A.S. PONTEVEDRA E O SALNÉS","HOMES","2.440","45,98%"
"2020-12-03","A.S. PONTEVEDRA E O SALNÉS","MULLERES","2.867","54,02%"
"2020-12-03","A.S. SANTIAGO E BARBANZA","HOMES","3.329","46,57%"
"2020-12-03","A.S. SANTIAGO E BARBANZA","MULLERES","3.820","53,43%"
"2020-12-03","A.S. VIGO","HOMES","4.424","45,43%"
"2020-12-03","A.S. VIGO","MULLERES","5.313","54,57%"
"2020-12-04","GALICIA","HOMES","22.957","45,6%"
"2020-12-04","GALICIA","MULLERES","27.387","54,4%"
"2020-12-04","A.S. A CORUÑA E CEE","HOMES","5.240","46,16%"
"2020-12-04","A.S. A CORUÑA E CEE","MULLERES","6.111","53,84%"
"2020-12-04","A.S. FERROL","HOMES","1.434","44,26%"
"2020-12-04","A.S. FERROL","MULLERES","1.806","55,74%"
"2020-12-04","A.S. LUGO, A MARIÑA E MONFORTE","HOMES","2.795","45,75%"
"2020-12-04","A.S. LUGO, A MARIÑA E MONFORTE","MULLERES","3.314","54,25%"
"2020-12-04","A.S. OURENSE, VERÍN E O BARCO","HOMES","3.223","44,34%"
"2020-12-04","A.S. OURENSE, VERÍN E O BARCO","MULLERES","4.046","55,66%"
"2020-12-04","A.S. PONTEVEDRA E O SALNÉS","HOMES","2.448","45,8%"
"2020-12-04","A.S. PONTEVEDRA E O SALNÉS","MULLERES","2.897","54,2%"
"2020-12-04","A.S. SANTIAGO E BARBANZA","HOMES","3.352","46,6%"
"2020-12-04","A.S. SANTIAGO E BARBANZA","MULLERES","3.841","53,4%"
"2020-12-04","A.S. VIGO","HOMES","4.465","45,39%"
"2020-12-04","A.S. VIGO","MULLERES","5.372","54,61%"
