ID,NOME,CASOS_14_DIAS,NIVEL_14_DIAS,CASOS_7_DIAS,NIVEL_7_DIAS,COR
"34121515001","ABEGONDO","Número de novos casos diagnosticados no concello: entre 1 e 9.","Incidencia acumulada para o concello: >50 e ≤150.","Número de novos casos diagnosticados no concello: entre 1 e 9.","Incidencia acumulada para o concello: >75 e ≤125.","0"
"34121515002","AMES","Número de novos casos diagnosticados no concello: 28.","Incidencia acumulada para o concello: >50 e ≤150.","Número de novos casos diagnosticados no concello: 11.","Incidencia acumulada para o concello: >25 e ≤75.","0"
"34121515003","ARANGA","Número de novos casos diagnosticados no concello: entre 1 e 9.","Incidencia acumulada para o concello: >50 e ≤150.","Número de novos casos diagnosticados no concello: entre 1 e 9.","Incidencia acumulada para o concello: >25 e ≤75.","0"
"34121515004","ARES","Número de novos casos diagnosticados no concello: entre 1 e 9.","Incidencia acumulada para o concello: >25 e ≤50.","Sen novos casos diagnosticados no concello.","Incidencia acumulada para o concello: ≤10.","0"
"34121515005","ARTEIXO","Número de novos casos diagnosticados no concello: 75.","Incidencia acumulada para o concello: >150 e ≤250.","Número de novos casos diagnosticados no concello: 31.","Incidencia acumulada para o concello: >75 e ≤125.","0"
"34121515006","ARZUA","Número de novos casos diagnosticados no concello: entre 1 e 9.","Incidencia acumulada para o concello: >25 e ≤50.","Sen novos casos diagnosticados no concello.","Incidencia acumulada para o concello: ≤10.","0"
"34121515007","BAÑA (A)","Sen novos casos diagnosticados no concello.","Incidencia acumulada para o concello: ≤25.","Sen novos casos diagnosticados no concello.","Incidencia acumulada para o concello: ≤10.","0"
"34121515008","BERGONDO","Número de novos casos diagnosticados no concello: 14.","Incidencia acumulada para o concello: >150 e ≤250.","Número de novos casos diagnosticados no concello: entre 1 e 9.","Incidencia acumulada para o concello: >75 e ≤125.","0"
"34121515009","BETANZOS","Número de novos casos diagnosticados no concello: 12.","Incidencia acumulada para o concello: >50 e ≤150.","Número de novos casos diagnosticados no concello: entre 1 e 9.","Incidencia acumulada para o concello: >25 e ≤75.","0"
"34121515010","BOIMORTO","Número de novos casos diagnosticados no concello: entre 1 e 9.","Incidencia acumulada para o concello: >250 e ≤500.","Número de novos casos diagnosticados no concello: entre 1 e 9.","Incidencia acumulada para o concello: >125 e ≤250.","0"
"34121515011","BOIRO","Número de novos casos diagnosticados no concello: entre 1 e 9.","Incidencia acumulada para o concello: ≤25.","Número de novos casos diagnosticados no concello: entre 1 e 9.","Incidencia acumulada para o concello: ≤10.","0"
"34121515012","BOQUEIXON","Sen novos casos diagnosticados no concello.","Incidencia acumulada para o concello: ≤25.","Sen novos casos diagnosticados no concello.","Incidencia acumulada para o concello: ≤10.","0"
"34121515013","BRION","Número de novos casos diagnosticados no concello: entre 1 e 9.","Incidencia acumulada para o concello: >25 e ≤50.","Sen novos casos diagnosticados no concello.","Incidencia acumulada para o concello: ≤10.","0"
"34121515014","CABANA DE BERGANTIÑOS","Número de novos casos diagnosticados no concello: entre 1 e 9.","Incidencia acumulada para o concello: ≤25.","Sen novos casos diagnosticados no concello.","Incidencia acumulada para o concello: ≤10.","0"
"34121515015","CABANAS","Número de novos casos diagnosticados no concello: entre 1 e 9.","Incidencia acumulada para o concello: >50 e ≤150.","Sen novos casos diagnosticados no concello.","Incidencia acumulada para o concello: ≤10.","0"
"34121515016","CAMARIÑAS","Número de novos casos diagnosticados no concello: entre 1 e 9.","Incidencia acumulada para o concello: >50 e ≤150.","Número de novos casos diagnosticados no concello: entre 1 e 9.","Incidencia acumulada para o concello: >75 e ≤125.","0"
"34121515017","CAMBRE","Número de novos casos diagnosticados no concello: 23.","Incidencia acumulada para o concello: >50 e ≤150.","Número de novos casos diagnosticados no concello: 14.","Incidencia acumulada para o concello: >25 e ≤75.","0"
"34121515018","CAPELA (A)","Sen novos casos diagnosticados no concello.","Incidencia acumulada para o concello: ≤25.","Sen novos casos diagnosticados no concello.","Incidencia acumulada para o concello: ≤10.","0"
"34121515019","CARBALLO","Número de novos casos diagnosticados no concello: 13.","Incidencia acumulada para o concello: >25 e ≤50.","Número de novos casos diagnosticados no concello: entre 1 e 9.","Incidencia acumulada para o concello: >10 e ≤25.","0"
"34121515020","CARNOTA","Número de novos casos diagnosticados no concello: entre 1 e 9.","Incidencia acumulada para o concello: >25 e ≤50.","Sen novos casos diagnosticados no concello.","Incidencia acumulada para o concello: ≤10.","0"
"34121515021","CARRAL","Número de novos casos diagnosticados no concello: entre 1 e 9.","Incidencia acumulada para o concello: >50 e ≤150.","Número de novos casos diagnosticados no concello: entre 1 e 9.","Incidencia acumulada para o concello: >75 e ≤125.","0"
"34121515022","CEDEIRA","Número de novos casos diagnosticados no concello: entre 1 e 9.","Incidencia acumulada para o concello: >25 e ≤50.","Número de novos casos diagnosticados no concello: entre 1 e 9.","Incidencia acumulada para o concello: >10 e ≤25.","0"
"34121515023","CEE","Número de novos casos diagnosticados no concello: entre 1 e 9.","Incidencia acumulada para o concello: ≤25.","Sen novos casos diagnosticados no concello.","Incidencia acumulada para o concello: ≤10.","0"
"34121515024","CERCEDA","Número de novos casos diagnosticados no concello: entre 1 e 9.","Incidencia acumulada para o concello: ≤25.","Sen novos casos diagnosticados no concello.","Incidencia acumulada para o concello: ≤10.","0"
"34121515025","CERDIDO","Sen novos casos diagnosticados no concello.","Incidencia acumulada para o concello: ≤25.","Sen novos casos diagnosticados no concello.","Incidencia acumulada para o concello: ≤10.","0"
"34121515027","COIROS","Número de novos casos diagnosticados no concello: entre 1 e 9.","Incidencia acumulada para o concello: >50 e ≤150.","Número de novos casos diagnosticados no concello: entre 1 e 9.","Incidencia acumulada para o concello: >25 e ≤75.","0"
"34121515028","CORCUBION","Sen novos casos diagnosticados no concello.","Incidencia acumulada para o concello: ≤25.","Sen novos casos diagnosticados no concello.","Incidencia acumulada para o concello: ≤10.","0"
"34121515029","CORISTANCO","Número de novos casos diagnosticados no concello: entre 1 e 9.","Incidencia acumulada para o concello: >50 e ≤150.","Sen novos casos diagnosticados no concello.","Incidencia acumulada para o concello: ≤10.","0"
"34121515030","CORUÑA (A)","Número de novos casos diagnosticados no concello: 477.","Incidencia acumulada para o concello: >150 e ≤250.","Número de novos casos diagnosticados no concello: 209.","Incidencia acumulada para o concello: >75 e ≤125.","0"
"34121515031","CULLEREDO","Número de novos casos diagnosticados no concello: 47.","Incidencia acumulada para o concello: >150 e ≤250.","Número de novos casos diagnosticados no concello: 31.","Incidencia acumulada para o concello: >75 e ≤125.","0"
"34121515032","CURTIS","Número de novos casos diagnosticados no concello: entre 1 e 9.","Incidencia acumulada para o concello: >50 e ≤150.","Número de novos casos diagnosticados no concello: entre 1 e 9.","Incidencia acumulada para o concello: >25 e ≤75.","0"
"34121515033","DODRO","Sen novos casos diagnosticados no concello.","Incidencia acumulada para o concello: ≤25.","Sen novos casos diagnosticados no concello.","Incidencia acumulada para o concello: ≤10.","0"
"34121515034","DUMBRIA","Número de novos casos diagnosticados no concello: entre 1 e 9.","Incidencia acumulada para o concello: >150 e ≤250.","Número de novos casos diagnosticados no concello: entre 1 e 9.","Incidencia acumulada para o concello: >25 e ≤75.","0"
"34121515035","FENE","Número de novos casos diagnosticados no concello: entre 1 e 9.","Incidencia acumulada para o concello: >25 e ≤50.","Número de novos casos diagnosticados no concello: entre 1 e 9.","Incidencia acumulada para o concello: >10 e ≤25.","0"
"34121515036","FERROL","Número de novos casos diagnosticados no concello: 76.","Incidencia acumulada para o concello: >50 e ≤150.","Número de novos casos diagnosticados no concello: 40.","Incidencia acumulada para o concello: >25 e ≤75.","0"
"34121515037","FISTERRA","Sen novos casos diagnosticados no concello.","Incidencia acumulada para o concello: ≤25.","Sen novos casos diagnosticados no concello.","Incidencia acumulada para o concello: ≤10.","0"
"34121515038","FRADES","Número de novos casos diagnosticados no concello: entre 1 e 9.","Incidencia acumulada para o concello: >25 e ≤50.","Número de novos casos diagnosticados no concello: entre 1 e 9.","Incidencia acumulada para o concello: >25 e ≤75.","0"
"34121515039","IRIXOA","Sen novos casos diagnosticados no concello.","Incidencia acumulada para o concello: ≤25.","Sen novos casos diagnosticados no concello.","Incidencia acumulada para o concello: ≤10.","0"
"34121515040","LAXE","Número de novos casos diagnosticados no concello: entre 1 e 9.","Incidencia acumulada para o concello: >150 e ≤250.","Número de novos casos diagnosticados no concello: entre 1 e 9.","Incidencia acumulada para o concello: >75 e ≤125.","0"
"34121515041","LARACHA","Número de novos casos diagnosticados no concello: 16.","Incidencia acumulada para o concello: >50 e ≤150.","Número de novos casos diagnosticados no concello: entre 1 e 9.","Incidencia acumulada para o concello: >75 e ≤125.","0"
"34121515042","LOUSAME","Sen novos casos diagnosticados no concello.","Incidencia acumulada para o concello: ≤25.","Sen novos casos diagnosticados no concello.","Incidencia acumulada para o concello: ≤10.","0"
"34121515043","MALPICA DE BERGANTIÑOS","Número de novos casos diagnosticados no concello: entre 1 e 9.","Incidencia acumulada para o concello: ≤25.","Sen novos casos diagnosticados no concello.","Incidencia acumulada para o concello: ≤10.","0"
"34121515044","MAÑON","Sen novos casos diagnosticados no concello.","Incidencia acumulada para o concello: ≤25.","Sen novos casos diagnosticados no concello.","Incidencia acumulada para o concello: ≤10.","0"
"34121515045","MAZARICOS","Sen novos casos diagnosticados no concello.","Incidencia acumulada para o concello: ≤25.","Sen novos casos diagnosticados no concello.","Incidencia acumulada para o concello: ≤10.","0"
"34121515046","MELIDE","Número de novos casos diagnosticados no concello: entre 1 e 9.","Incidencia acumulada para o concello: ≤25.","Número de novos casos diagnosticados no concello: entre 1 e 9.","Incidencia acumulada para o concello: >10 e ≤25.","0"
"34121515047","MESIA","Sen novos casos diagnosticados no concello.","Incidencia acumulada para o concello: ≤25.","Sen novos casos diagnosticados no concello.","Incidencia acumulada para o concello: ≤10.","0"
"34121515048","MIÑO","Número de novos casos diagnosticados no concello: 10.","Incidencia acumulada para o concello: >150 e ≤250.","Número de novos casos diagnosticados no concello: entre 1 e 9.","Incidencia acumulada para o concello: >75 e ≤125.","0"
"34121515049","MOECHE","Sen novos casos diagnosticados no concello.","Incidencia acumulada para o concello: ≤25.","Sen novos casos diagnosticados no concello.","Incidencia acumulada para o concello: ≤10.","0"
"34121515050","MONFERO","Sen novos casos diagnosticados no concello.","Incidencia acumulada para o concello: ≤25.","Sen novos casos diagnosticados no concello.","Incidencia acumulada para o concello: ≤10.","0"
"34121515051","MUGARDOS","Número de novos casos diagnosticados no concello: entre 1 e 9.","Incidencia acumulada para o concello: >50 e ≤150.","Número de novos casos diagnosticados no concello: entre 1 e 9.","Incidencia acumulada para o concello: >25 e ≤75.","0"
"34121515052","MUXIA","Número de novos casos diagnosticados no concello: entre 1 e 9.","Incidencia acumulada para o concello: >25 e ≤50.","Número de novos casos diagnosticados no concello: entre 1 e 9.","Incidencia acumulada para o concello: >10 e ≤25.","0"
"34121515053","MUROS","Número de novos casos diagnosticados no concello: entre 1 e 9.","Incidencia acumulada para o concello: >25 e ≤50.","Número de novos casos diagnosticados no concello: entre 1 e 9.","Incidencia acumulada para o concello: >10 e ≤25.","0"
"34121515054","NARON","Número de novos casos diagnosticados no concello: 26.","Incidencia acumulada para o concello: >50 e ≤150.","Número de novos casos diagnosticados no concello: entre 1 e 9.","Incidencia acumulada para o concello: >10 e ≤25.","0"
"34121515055","NEDA","Número de novos casos diagnosticados no concello: 16.","Incidencia acumulada para o concello: >250 e ≤500.","Número de novos casos diagnosticados no concello: 13.","Incidencia acumulada para o concello: >250.","0"
"34121515056","NEGREIRA","Sen novos casos diagnosticados no concello.","Incidencia acumulada para o concello: ≤25.","Sen novos casos diagnosticados no concello.","Incidencia acumulada para o concello: ≤10.","0"
"34121515057","NOIA","Número de novos casos diagnosticados no concello: entre 1 e 9.","Incidencia acumulada para o concello: ≤25.","Sen novos casos diagnosticados no concello.","Incidencia acumulada para o concello: ≤10.","0"
"34121515058","OLEIROS","Número de novos casos diagnosticados no concello: 47.","Incidencia acumulada para o concello: >50 e ≤150.","Número de novos casos diagnosticados no concello: 30.","Incidencia acumulada para o concello: >75 e ≤125.","0"
"34121515059","ORDES","Número de novos casos diagnosticados no concello: entre 1 e 9.","Incidencia acumulada para o concello: >25 e ≤50.","Número de novos casos diagnosticados no concello: entre 1 e 9.","Incidencia acumulada para o concello: ≤10.","0"
"34121515060","OROSO","Número de novos casos diagnosticados no concello: entre 1 e 9.","Incidencia acumulada para o concello: >50 e ≤150.","Número de novos casos diagnosticados no concello: entre 1 e 9.","Incidencia acumulada para o concello: >75 e ≤125.","0"
"34121515061","ORTIGUEIRA","Número de novos casos diagnosticados no concello: entre 1 e 9.","Incidencia acumulada para o concello: >150 e ≤250.","Número de novos casos diagnosticados no concello: entre 1 e 9.","Incidencia acumulada para o concello: >125 e ≤250.","0"
"34121515062","OUTES","Número de novos casos diagnosticados no concello: entre 1 e 9.","Incidencia acumulada para o concello: >25 e ≤50.","Sen novos casos diagnosticados no concello.","Incidencia acumulada para o concello: ≤10.","0"
"34121515064","PADERNE","Número de novos casos diagnosticados no concello: entre 1 e 9.","Incidencia acumulada para o concello: >50 e ≤150.","Sen novos casos diagnosticados no concello.","Incidencia acumulada para o concello: ≤10.","0"
"34121515065","PADRON","Número de novos casos diagnosticados no concello: entre 1 e 9.","Incidencia acumulada para o concello: ≤25.","Sen novos casos diagnosticados no concello.","Incidencia acumulada para o concello: ≤10.","0"
"34121515066","PINO (O)","Número de novos casos diagnosticados no concello: entre 1 e 9.","Incidencia acumulada para o concello: >50 e ≤150.","Sen novos casos diagnosticados no concello.","Incidencia acumulada para o concello: ≤10.","0"
"34121515067","POBRA DO CARAMIÑAL A","Sen novos casos diagnosticados no concello.","Incidencia acumulada para o concello: ≤25.","Sen novos casos diagnosticados no concello.","Incidencia acumulada para o concello: ≤10.","0"
"34121515068","PONTECESO","Número de novos casos diagnosticados no concello: 10.","Incidencia acumulada para o concello: >150 e ≤250.","Número de novos casos diagnosticados no concello: entre 1 e 9.","Incidencia acumulada para o concello: >25 e ≤75.","0"
"34121515069","PONTEDEUME","Número de novos casos diagnosticados no concello: entre 1 e 9.","Incidencia acumulada para o concello: >50 e ≤150.","Número de novos casos diagnosticados no concello: entre 1 e 9.","Incidencia acumulada para o concello: >25 e ≤75.","0"
"34121515070","PONTES DE GARCIA RODRIGUEZ (AS)","Número de novos casos diagnosticados no concello: 14.","Incidencia acumulada para o concello: >50 e ≤150.","Número de novos casos diagnosticados no concello: entre 1 e 9.","Incidencia acumulada para o concello: >25 e ≤75.","0"
"34121515071","PORTO DO SON","Número de novos casos diagnosticados no concello: entre 1 e 9.","Incidencia acumulada para o concello: ≤25.","Número de novos casos diagnosticados no concello: entre 1 e 9.","Incidencia acumulada para o concello: >10 e ≤25.","0"
"34121515072","RIANXO","Número de novos casos diagnosticados no concello: entre 1 e 9.","Incidencia acumulada para o concello: >50 e ≤150.","Número de novos casos diagnosticados no concello: entre 1 e 9.","Incidencia acumulada para o concello: >25 e ≤75.","0"
"34121515073","RIBEIRA","Número de novos casos diagnosticados no concello: entre 1 e 9.","Incidencia acumulada para o concello: >25 e ≤50.","Número de novos casos diagnosticados no concello: entre 1 e 9.","Incidencia acumulada para o concello: >10 e ≤25.","0"
"34121515074","ROIS","Número de novos casos diagnosticados no concello: entre 1 e 9.","Incidencia acumulada para o concello: >50 e ≤150.","Número de novos casos diagnosticados no concello: entre 1 e 9.","Incidencia acumulada para o concello: >25 e ≤75.","0"
"34121515075","SADA","Número de novos casos diagnosticados no concello: 17.","Incidencia acumulada para o concello: >50 e ≤150.","Número de novos casos diagnosticados no concello: entre 1 e 9.","Incidencia acumulada para o concello: >25 e ≤75.","0"
"34121515076","SAN SADURNIÑO","Sen novos casos diagnosticados no concello.","Incidencia acumulada para o concello: ≤25.","Sen novos casos diagnosticados no concello.","Incidencia acumulada para o concello: ≤10.","0"
"34121515077","SANTA COMBA","Número de novos casos diagnosticados no concello: entre 1 e 9.","Incidencia acumulada para o concello: ≤25.","Número de novos casos diagnosticados no concello: entre 1 e 9.","Incidencia acumulada para o concello: >10 e ≤25.","0"
"34121515078","SANTIAGO DE COMPOSTELA","Número de novos casos diagnosticados no concello: 43.","Incidencia acumulada para o concello: >25 e ≤50.","Número de novos casos diagnosticados no concello: 17.","Incidencia acumulada para o concello: >10 e ≤25.","0"
"34121515079","SANTISO","Sen novos casos diagnosticados no concello.","Incidencia acumulada para o concello: ≤25.","Sen novos casos diagnosticados no concello.","Incidencia acumulada para o concello: ≤10.","0"
"34121515080","SOBRADO","Número de novos casos diagnosticados no concello: entre 1 e 9.","Incidencia acumulada para o concello: >250 e ≤500.","Número de novos casos diagnosticados no concello: entre 1 e 9.","Incidencia acumulada para o concello: >125 e ≤250.","0"
"34121515081","SOMOZAS","Sen novos casos diagnosticados no concello.","Incidencia acumulada para o concello: ≤25.","Sen novos casos diagnosticados no concello.","Incidencia acumulada para o concello: ≤10.","0"
"34121515082","TEO","Número de novos casos diagnosticados no concello: entre 1 e 9.","Incidencia acumulada para o concello: >25 e ≤50.","Número de novos casos diagnosticados no concello: entre 1 e 9.","Incidencia acumulada para o concello: ≤10.","0"
"34121515083","TOQUES","Número de novos casos diagnosticados no concello: entre 1 e 9.","Incidencia acumulada para o concello: >50 e ≤150.","Sen novos casos diagnosticados no concello.","Incidencia acumulada para o concello: ≤10.","0"
"34121515084","TORDOIA","Número de novos casos diagnosticados no concello: entre 1 e 9.","Incidencia acumulada para o concello: >50 e ≤150.","Sen novos casos diagnosticados no concello.","Incidencia acumulada para o concello: ≤10.","0"
"34121515085","TOURO","Número de novos casos diagnosticados no concello: entre 1 e 9.","Incidencia acumulada para o concello: >50 e ≤150.","Número de novos casos diagnosticados no concello: entre 1 e 9.","Incidencia acumulada para o concello: >25 e ≤75.","0"
"34121515086","TRAZO","Sen novos casos diagnosticados no concello.","Incidencia acumulada para o concello: ≤25.","Sen novos casos diagnosticados no concello.","Incidencia acumulada para o concello: ≤10.","0"
"34121515087","VALDOVIÑO","Número de novos casos diagnosticados no concello: entre 1 e 9.","Incidencia acumulada para o concello: >50 e ≤150.","Número de novos casos diagnosticados no concello: entre 1 e 9.","Incidencia acumulada para o concello: >25 e ≤75.","0"
"34121515088","VAL DO DUBRA","Número de novos casos diagnosticados no concello: entre 1 e 9.","Incidencia acumulada para o concello: >25 e ≤50.","Número de novos casos diagnosticados no concello: entre 1 e 9.","Incidencia acumulada para o concello: >25 e ≤75.","0"
"34121515089","VEDRA","Número de novos casos diagnosticados no concello: entre 1 e 9.","Incidencia acumulada para o concello: >50 e ≤150.","Número de novos casos diagnosticados no concello: entre 1 e 9.","Incidencia acumulada para o concello: >10 e ≤25.","0"
"34121515090","VILASANTAR","Número de novos casos diagnosticados no concello: entre 1 e 9.","Incidencia acumulada para o concello: >50 e ≤150.","Sen novos casos diagnosticados no concello.","Incidencia acumulada para o concello: ≤10.","0"
"34121515091","VILARMAIOR","Sen novos casos diagnosticados no concello.","Incidencia acumulada para o concello: ≤25.","Sen novos casos diagnosticados no concello.","Incidencia acumulada para o concello: ≤10.","0"
"34121515092","VIMIANZO","Número de novos casos diagnosticados no concello: entre 1 e 9.","Incidencia acumulada para o concello: ≤25.","Número de novos casos diagnosticados no concello: entre 1 e 9.","Incidencia acumulada para o concello: >10 e ≤25.","0"
"34121515093","ZAS","Número de novos casos diagnosticados no concello: entre 1 e 9.","Incidencia acumulada para o concello: >25 e ≤50.","Sen novos casos diagnosticados no concello.","Incidencia acumulada para o concello: ≤10.","0"
"34121515901","CARIÑO","Número de novos casos diagnosticados no concello: entre 1 e 9.","Incidencia acumulada para o concello: >50 e ≤150.","Número de novos casos diagnosticados no concello: entre 1 e 9.","Incidencia acumulada para o concello: >25 e ≤75.","0"
"34121515902","OZA-CESURAS","Número de novos casos diagnosticados no concello: entre 1 e 9.","Incidencia acumulada para o concello: >50 e ≤150.","Número de novos casos diagnosticados no concello: entre 1 e 9.","Incidencia acumulada para o concello: >25 e ≤75.","0"
"34122727001","ABADIN","Sen novos casos diagnosticados no concello.","Incidencia acumulada para o concello: ≤25.","Sen novos casos diagnosticados no concello.","Incidencia acumulada para o concello: ≤10.","0"
"34122727002","ALFOZ","Sen novos casos diagnosticados no concello.","Incidencia acumulada para o concello: ≤25.","Sen novos casos diagnosticados no concello.","Incidencia acumulada para o concello: ≤10.","0"
"34122727003","ANTAS DE ULLA","Número de novos casos diagnosticados no concello: entre 1 e 9.","Incidencia acumulada para o concello: >50 e ≤150.","Número de novos casos diagnosticados no concello: entre 1 e 9.","Incidencia acumulada para o concello: >25 e ≤75.","0"
"34122727004","BALEIRA","Número de novos casos diagnosticados no concello: entre 1 e 9.","Incidencia acumulada para o concello: >50 e ≤150.","Sen novos casos diagnosticados no concello.","Incidencia acumulada para o concello: ≤10.","0"
"34122727005","BARREIROS","Sen novos casos diagnosticados no concello.","Incidencia acumulada para o concello: ≤25.","Sen novos casos diagnosticados no concello.","Incidencia acumulada para o concello: ≤10.","0"
"34122727006","BECERREA","Sen novos casos diagnosticados no concello.","Incidencia acumulada para o concello: ≤25.","Sen novos casos diagnosticados no concello.","Incidencia acumulada para o concello: ≤10.","0"
"34122727007","BEGONTE","Número de novos casos diagnosticados no concello: entre 1 e 9.","Incidencia acumulada para o concello: >25 e ≤50.","Número de novos casos diagnosticados no concello: entre 1 e 9.","Incidencia acumulada para o concello: >25 e ≤75.","0"
"34122727008","BOVEDA","Número de novos casos diagnosticados no concello: entre 1 e 9.","Incidencia acumulada para o concello: >150 e ≤250.","Sen novos casos diagnosticados no concello.","Incidencia acumulada para o concello: ≤10.","0"
"34122727009","CARBALLEDO","Sen novos casos diagnosticados no concello.","Incidencia acumulada para o concello: ≤25.","Sen novos casos diagnosticados no concello.","Incidencia acumulada para o concello: ≤10.","0"
"34122727010","CASTRO DE REI","Número de novos casos diagnosticados no concello: entre 1 e 9.","Incidencia acumulada para o concello: ≤25.","Número de novos casos diagnosticados no concello: entre 1 e 9.","Incidencia acumulada para o concello: >10 e ≤25.","0"
"34122727011","CASTROVERDE","Número de novos casos diagnosticados no concello: entre 1 e 9.","Incidencia acumulada para o concello: >150 e ≤250.","Sen novos casos diagnosticados no concello.","Incidencia acumulada para o concello: ≤10.","0"
"34122727012","CERVANTES","Sen novos casos diagnosticados no concello.","Incidencia acumulada para o concello: ≤25.","Sen novos casos diagnosticados no concello.","Incidencia acumulada para o concello: ≤10.","0"
"34122727013","CERVO","Sen novos casos diagnosticados no concello.","Incidencia acumulada para o concello: ≤25.","Sen novos casos diagnosticados no concello.","Incidencia acumulada para o concello: ≤10.","0"
"34122727014","CORGO (O)","Número de novos casos diagnosticados no concello: entre 1 e 9.","Incidencia acumulada para o concello: >25 e ≤50.","Número de novos casos diagnosticados no concello: entre 1 e 9.","Incidencia acumulada para o concello: >25 e ≤75.","0"
"34122727015","COSPEITO","Sen novos casos diagnosticados no concello.","Incidencia acumulada para o concello: ≤25.","Sen novos casos diagnosticados no concello.","Incidencia acumulada para o concello: ≤10.","0"
"34122727016","CHANTADA","Número de novos casos diagnosticados no concello: 11.","Incidencia acumulada para o concello: >50 e ≤150.","Número de novos casos diagnosticados no concello: entre 1 e 9.","Incidencia acumulada para o concello: >10 e ≤25.","0"
"34122727017","FOLGOSO DO COUREL","Sen novos casos diagnosticados no concello.","Incidencia acumulada para o concello: ≤25.","Sen novos casos diagnosticados no concello.","Incidencia acumulada para o concello: ≤10.","0"
"34122727018","FONSAGRADA (A)","Sen novos casos diagnosticados no concello.","Incidencia acumulada para o concello: ≤25.","Sen novos casos diagnosticados no concello.","Incidencia acumulada para o concello: ≤10.","0"
"34122727019","FOZ","Sen novos casos diagnosticados no concello.","Incidencia acumulada para o concello: ≤25.","Sen novos casos diagnosticados no concello.","Incidencia acumulada para o concello: ≤10.","0"
"34122727020","FRIOL","Número de novos casos diagnosticados no concello: entre 1 e 9.","Incidencia acumulada para o concello: >50 e ≤150.","Número de novos casos diagnosticados no concello: entre 1 e 9.","Incidencia acumulada para o concello: >75 e ≤125.","0"
"34122727021","XERMADE","Número de novos casos diagnosticados no concello: entre 1 e 9.","Incidencia acumulada para o concello: >50 e ≤150.","Número de novos casos diagnosticados no concello: entre 1 e 9.","Incidencia acumulada para o concello: >25 e ≤75.","0"
"34122727022","GUITIRIZ","Número de novos casos diagnosticados no concello: entre 1 e 9.","Incidencia acumulada para o concello: >150 e ≤250.","Número de novos casos diagnosticados no concello: entre 1 e 9.","Incidencia acumulada para o concello: >25 e ≤75.","0"
"34122727023","GUNTIN","Número de novos casos diagnosticados no concello: entre 1 e 9.","Incidencia acumulada para o concello: >25 e ≤50.","Sen novos casos diagnosticados no concello.","Incidencia acumulada para o concello: ≤10.","0"
"34122727024","INCIO (O)","Sen novos casos diagnosticados no concello.","Incidencia acumulada para o concello: ≤25.","Sen novos casos diagnosticados no concello.","Incidencia acumulada para o concello: ≤10.","0"
"34122727025","XOVE","Número de novos casos diagnosticados no concello: entre 1 e 9.","Incidencia acumulada para o concello: >25 e ≤50.","Número de novos casos diagnosticados no concello: entre 1 e 9.","Incidencia acumulada para o concello: >25 e ≤75.","0"
"34122727026","LANCARA","Número de novos casos diagnosticados no concello: entre 1 e 9.","Incidencia acumulada para o concello: >25 e ≤50.","Número de novos casos diagnosticados no concello: entre 1 e 9.","Incidencia acumulada para o concello: >25 e ≤75.","0"
"34122727027","LOURENZA","Número de novos casos diagnosticados no concello: entre 1 e 9.","Incidencia acumulada para o concello: >50 e ≤150.","Sen novos casos diagnosticados no concello.","Incidencia acumulada para o concello: ≤10.","0"
"34122727028","LUGO","Número de novos casos diagnosticados no concello: 30.","Incidencia acumulada para o concello: >25 e ≤50.","Número de novos casos diagnosticados no concello: 12.","Incidencia acumulada para o concello: >10 e ≤25.","0"
"34122727029","MEIRA","Sen novos casos diagnosticados no concello.","Incidencia acumulada para o concello: ≤25.","Sen novos casos diagnosticados no concello.","Incidencia acumulada para o concello: ≤10.","0"
"34122727030","MONDOÑEDO","Sen novos casos diagnosticados no concello.","Incidencia acumulada para o concello: ≤25.","Sen novos casos diagnosticados no concello.","Incidencia acumulada para o concello: ≤10.","0"
"34122727031","MONFORTE DE LEMOS","Número de novos casos diagnosticados no concello: 27.","Incidencia acumulada para o concello: >50 e ≤150.","Número de novos casos diagnosticados no concello: 16.","Incidencia acumulada para o concello: >75 e ≤125.","0"
"34122727032","MONTERROSO","Número de novos casos diagnosticados no concello: entre 1 e 9.","Incidencia acumulada para o concello: >50 e ≤150.","Número de novos casos diagnosticados no concello: entre 1 e 9.","Incidencia acumulada para o concello: >75 e ≤125.","0"
"34122727033","MURAS","Sen novos casos diagnosticados no concello.","Incidencia acumulada para o concello: ≤25.","Sen novos casos diagnosticados no concello.","Incidencia acumulada para o concello: ≤10.","0"
"34122727034","NAVIA DE SUARNA","Sen novos casos diagnosticados no concello.","Incidencia acumulada para o concello: ≤25.","Sen novos casos diagnosticados no concello.","Incidencia acumulada para o concello: ≤10.","0"
"34122727035","NEGUEIRA DE MUÑIZ","Sen novos casos diagnosticados no concello.","Incidencia acumulada para o concello: ≤25.","Sen novos casos diagnosticados no concello.","Incidencia acumulada para o concello: ≤10.","0"
"34122727037","NOGAIS (AS)","Sen novos casos diagnosticados no concello.","Incidencia acumulada para o concello: ≤25.","Sen novos casos diagnosticados no concello.","Incidencia acumulada para o concello: ≤10.","0"
"34122727038","OUROL","Sen novos casos diagnosticados no concello.","Incidencia acumulada para o concello: ≤25.","Sen novos casos diagnosticados no concello.","Incidencia acumulada para o concello: ≤10.","0"
"34122727039","OUTEIRO DE REI","Número de novos casos diagnosticados no concello: entre 1 e 9.","Incidencia acumulada para o concello: ≤25.","Número de novos casos diagnosticados no concello: entre 1 e 9.","Incidencia acumulada para o concello: >10 e ≤25.","0"
"34122727040","PALAS DE REI","Número de novos casos diagnosticados no concello: entre 1 e 9.","Incidencia acumulada para o concello: >25 e ≤50.","Número de novos casos diagnosticados no concello: entre 1 e 9.","Incidencia acumulada para o concello: >25 e ≤75.","0"
"34122727041","PANTON","Número de novos casos diagnosticados no concello: entre 1 e 9.","Incidencia acumulada para o concello: >150 e ≤250.","Número de novos casos diagnosticados no concello: entre 1 e 9.","Incidencia acumulada para o concello: >75 e ≤125.","0"
"34122727042","PARADELA","Número de novos casos diagnosticados no concello: 13.","Incidencia acumulada para o concello: >500.","Sen novos casos diagnosticados no concello.","Incidencia acumulada para o concello: ≤10.","0"
"34122727043","PARAMO (O)","Sen novos casos diagnosticados no concello.","Incidencia acumulada para o concello: ≤25.","Sen novos casos diagnosticados no concello.","Incidencia acumulada para o concello: ≤10.","0"
"34122727044","PASTORIZA (A)","Sen novos casos diagnosticados no concello.","Incidencia acumulada para o concello: ≤25.","Sen novos casos diagnosticados no concello.","Incidencia acumulada para o concello: ≤10.","0"
"34122727045","PEDRAFITA DO CEBREIRO","Sen novos casos diagnosticados no concello.","Incidencia acumulada para o concello: ≤25.","Sen novos casos diagnosticados no concello.","Incidencia acumulada para o concello: ≤10.","0"
"34122727046","POL","Sen novos casos diagnosticados no concello.","Incidencia acumulada para o concello: ≤25.","Sen novos casos diagnosticados no concello.","Incidencia acumulada para o concello: ≤10.","0"
"34122727047","POBRA DO BROLLON (A)","Número de novos casos diagnosticados no concello: entre 1 e 9.","Incidencia acumulada para o concello: >50 e ≤150.","Número de novos casos diagnosticados no concello: entre 1 e 9.","Incidencia acumulada para o concello: >25 e ≤75.","0"
"34122727048","PONTENOVA (A)","Sen novos casos diagnosticados no concello.","Incidencia acumulada para o concello: ≤25.","Sen novos casos diagnosticados no concello.","Incidencia acumulada para o concello: ≤10.","0"
"34122727049","PORTOMARIN","Sen novos casos diagnosticados no concello.","Incidencia acumulada para o concello: ≤25.","Sen novos casos diagnosticados no concello.","Incidencia acumulada para o concello: ≤10.","0"
"34122727050","QUIROGA","Número de novos casos diagnosticados no concello: entre 1 e 9.","Incidencia acumulada para o concello: >25 e ≤50.","Número de novos casos diagnosticados no concello: entre 1 e 9.","Incidencia acumulada para o concello: >25 e ≤75.","0"
"34122727051","RIBADEO","Número de novos casos diagnosticados no concello: entre 1 e 9.","Incidencia acumulada para o concello: ≤25.","Número de novos casos diagnosticados no concello: entre 1 e 9.","Incidencia acumulada para o concello: >10 e ≤25.","0"
"34122727052","RIBAS DE SIL","Sen novos casos diagnosticados no concello.","Incidencia acumulada para o concello: ≤25.","Sen novos casos diagnosticados no concello.","Incidencia acumulada para o concello: ≤10.","0"
"34122727053","RIBEIRA DE PIQUIN","Sen novos casos diagnosticados no concello.","Incidencia acumulada para o concello: ≤25.","Sen novos casos diagnosticados no concello.","Incidencia acumulada para o concello: ≤10.","0"
"34122727054","RIOTORTO","Sen novos casos diagnosticados no concello.","Incidencia acumulada para o concello: ≤25.","Sen novos casos diagnosticados no concello.","Incidencia acumulada para o concello: ≤10.","0"
"34122727055","SAMOS","Número de novos casos diagnosticados no concello: entre 1 e 9.","Incidencia acumulada para o concello: >150 e ≤250.","Número de novos casos diagnosticados no concello: entre 1 e 9.","Incidencia acumulada para o concello: >125 e ≤250.","0"
"34122727056","RABADE","Sen novos casos diagnosticados no concello.","Incidencia acumulada para o concello: ≤25.","Sen novos casos diagnosticados no concello.","Incidencia acumulada para o concello: ≤10.","0"
"34122727057","SARRIA","Número de novos casos diagnosticados no concello: 19.","Incidencia acumulada para o concello: >50 e ≤150.","Número de novos casos diagnosticados no concello: 11.","Incidencia acumulada para o concello: >75 e ≤125.","0"
"34122727058","SAVIÑAO (O)","Número de novos casos diagnosticados no concello: entre 1 e 9.","Incidencia acumulada para o concello: >50 e ≤150.","Número de novos casos diagnosticados no concello: entre 1 e 9.","Incidencia acumulada para o concello: >25 e ≤75.","0"
"34122727059","SOBER","Número de novos casos diagnosticados no concello: entre 1 e 9.","Incidencia acumulada para o concello: >50 e ≤150.","Número de novos casos diagnosticados no concello: entre 1 e 9.","Incidencia acumulada para o concello: >75 e ≤125.","0"
"34122727060","TABOADA","Número de novos casos diagnosticados no concello: entre 1 e 9.","Incidencia acumulada para o concello: >25 e ≤50.","Sen novos casos diagnosticados no concello.","Incidencia acumulada para o concello: ≤10.","0"
"34122727061","TRABADA","Sen novos casos diagnosticados no concello.","Incidencia acumulada para o concello: ≤25.","Sen novos casos diagnosticados no concello.","Incidencia acumulada para o concello: ≤10.","0"
"34122727062","TRIACASTELA","Sen novos casos diagnosticados no concello.","Incidencia acumulada para o concello: ≤25.","Sen novos casos diagnosticados no concello.","Incidencia acumulada para o concello: ≤10.","0"
"34122727063","VALADOURO (O)","Sen novos casos diagnosticados no concello.","Incidencia acumulada para o concello: ≤25.","Sen novos casos diagnosticados no concello.","Incidencia acumulada para o concello: ≤10.","0"
"34122727064","VICEDO (O)","Sen novos casos diagnosticados no concello.","Incidencia acumulada para o concello: ≤25.","Sen novos casos diagnosticados no concello.","Incidencia acumulada para o concello: ≤10.","0"
"34122727065","VILALBA","Número de novos casos diagnosticados no concello: entre 1 e 9.","Incidencia acumulada para o concello: ≤25.","Número de novos casos diagnosticados no concello: entre 1 e 9.","Incidencia acumulada para o concello: ≤10.","0"
"34122727066","VIVEIRO","Número de novos casos diagnosticados no concello: entre 1 e 9.","Incidencia acumulada para o concello: ≤25.","Número de novos casos diagnosticados no concello: entre 1 e 9.","Incidencia acumulada para o concello: ≤10.","0"
"34122727901","BARALLA","Sen novos casos diagnosticados no concello.","Incidencia acumulada para o concello: ≤25.","Sen novos casos diagnosticados no concello.","Incidencia acumulada para o concello: ≤10.","0"
"34122727902","BURELA","Número de novos casos diagnosticados no concello: entre 1 e 9.","Incidencia acumulada para o concello: ≤25.","Número de novos casos diagnosticados no concello: entre 1 e 9.","Incidencia acumulada para o concello: >10 e ≤25.","0"
"34123232001","ALLARIZ","Número de novos casos diagnosticados no concello: entre 1 e 9.","Incidencia acumulada para o concello: ≤25.","Número de novos casos diagnosticados no concello: entre 1 e 9.","Incidencia acumulada para o concello: >10 e ≤25.","0"
"34123232002","AMOEIRO","Sen novos casos diagnosticados no concello.","Incidencia acumulada para o concello: ≤25.","Sen novos casos diagnosticados no concello.","Incidencia acumulada para o concello: ≤10.","0"
"34123232003","ARNOIA","Sen novos casos diagnosticados no concello.","Incidencia acumulada para o concello: ≤25.","Sen novos casos diagnosticados no concello.","Incidencia acumulada para o concello: ≤10.","0"
"34123232004","AVION","Sen novos casos diagnosticados no concello.","Incidencia acumulada para o concello: ≤25.","Sen novos casos diagnosticados no concello.","Incidencia acumulada para o concello: ≤10.","0"
"34123232005","BALTAR","Sen novos casos diagnosticados no concello.","Incidencia acumulada para o concello: ≤25.","Sen novos casos diagnosticados no concello.","Incidencia acumulada para o concello: ≤10.","0"
"34123232006","BANDE","Sen novos casos diagnosticados no concello.","Incidencia acumulada para o concello: ≤25.","Sen novos casos diagnosticados no concello.","Incidencia acumulada para o concello: ≤10.","0"
"34123232007","BAÑOS DE MOLGAS","Sen novos casos diagnosticados no concello.","Incidencia acumulada para o concello: ≤25.","Sen novos casos diagnosticados no concello.","Incidencia acumulada para o concello: ≤10.","0"
"34123232008","BARBADAS","Sen novos casos diagnosticados no concello.","Incidencia acumulada para o concello: ≤25.","Sen novos casos diagnosticados no concello.","Incidencia acumulada para o concello: ≤10.","0"
"34123232009","BARCO DE VALDEORRAS (O)","Número de novos casos diagnosticados no concello: entre 1 e 9.","Incidencia acumulada para o concello: >25 e ≤50.","Número de novos casos diagnosticados no concello: entre 1 e 9.","Incidencia acumulada para o concello: >10 e ≤25.","0"
"34123232010","BEADE","Sen novos casos diagnosticados no concello.","Incidencia acumulada para o concello: ≤25.","Sen novos casos diagnosticados no concello.","Incidencia acumulada para o concello: ≤10.","0"
"34123232011","BEARIZ","Sen novos casos diagnosticados no concello.","Incidencia acumulada para o concello: ≤25.","Sen novos casos diagnosticados no concello.","Incidencia acumulada para o concello: ≤10.","0"
"34123232012","BLANCOS (OS)","Sen novos casos diagnosticados no concello.","Incidencia acumulada para o concello: ≤25.","Sen novos casos diagnosticados no concello.","Incidencia acumulada para o concello: ≤10.","0"
"34123232013","BOBORAS","Número de novos casos diagnosticados no concello: entre 1 e 9.","Incidencia acumulada para o concello: >50 e ≤150.","Sen novos casos diagnosticados no concello.","Incidencia acumulada para o concello: ≤10.","0"
"34123232014","BOLA A","Sen novos casos diagnosticados no concello.","Incidencia acumulada para o concello: ≤25.","Sen novos casos diagnosticados no concello.","Incidencia acumulada para o concello: ≤10.","0"
"34123232015","BOLO (O)","Sen novos casos diagnosticados no concello.","Incidencia acumulada para o concello: ≤25.","Sen novos casos diagnosticados no concello.","Incidencia acumulada para o concello: ≤10.","0"
"34123232016","CALVOS DE RANDIN","Sen novos casos diagnosticados no concello.","Incidencia acumulada para o concello: ≤25.","Sen novos casos diagnosticados no concello.","Incidencia acumulada para o concello: ≤10.","0"
"34123232017","CARBALLEDA DE VALDEORRAS","Sen novos casos diagnosticados no concello.","Incidencia acumulada para o concello: ≤25.","Sen novos casos diagnosticados no concello.","Incidencia acumulada para o concello: ≤10.","0"
"34123232018","CARBALLEDA DE AVIA","Número de novos casos diagnosticados no concello: entre 1 e 9.","Incidencia acumulada para o concello: >150 e ≤250.","Sen novos casos diagnosticados no concello.","Incidencia acumulada para o concello: ≤10.","0"
"34123232019","CARBALLIÑO (O)","Número de novos casos diagnosticados no concello: 10.","Incidencia acumulada para o concello: >50 e ≤150.","Número de novos casos diagnosticados no concello: entre 1 e 9.","Incidencia acumulada para o concello: >25 e ≤75.","0"
"34123232020","CARTELLE","Número de novos casos diagnosticados no concello: entre 1 e 9.","Incidencia acumulada para o concello: >25 e ≤50.","Número de novos casos diagnosticados no concello: entre 1 e 9.","Incidencia acumulada para o concello: >25 e ≤75.","0"
"34123232021","CASTRELO DO VAL","Sen novos casos diagnosticados no concello.","Incidencia acumulada para o concello: ≤25.","Sen novos casos diagnosticados no concello.","Incidencia acumulada para o concello: ≤10.","0"
"34123232022","CASTRELO DE MIÑO","Sen novos casos diagnosticados no concello.","Incidencia acumulada para o concello: ≤25.","Sen novos casos diagnosticados no concello.","Incidencia acumulada para o concello: ≤10.","0"
"34123232023","CASTRO CALDELAS","Sen novos casos diagnosticados no concello.","Incidencia acumulada para o concello: ≤25.","Sen novos casos diagnosticados no concello.","Incidencia acumulada para o concello: ≤10.","0"
"34123232024","CELANOVA","Número de novos casos diagnosticados no concello: entre 1 e 9.","Incidencia acumulada para o concello: ≤25.","Sen novos casos diagnosticados no concello.","Incidencia acumulada para o concello: ≤10.","0"
"34123232025","CENLLE","Sen novos casos diagnosticados no concello.","Incidencia acumulada para o concello: ≤25.","Sen novos casos diagnosticados no concello.","Incidencia acumulada para o concello: ≤10.","0"
"34123232026","COLES","Número de novos casos diagnosticados no concello: entre 1 e 9.","Incidencia acumulada para o concello: >150 e ≤250.","Número de novos casos diagnosticados no concello: entre 1 e 9.","Incidencia acumulada para o concello: >25 e ≤75.","0"
"34123232027","CORTEGADA","Número de novos casos diagnosticados no concello: entre 1 e 9.","Incidencia acumulada para o concello: >250 e ≤500.","Número de novos casos diagnosticados no concello: entre 1 e 9.","Incidencia acumulada para o concello: >250.","0"
"34123232028","CUALEDRO","Número de novos casos diagnosticados no concello: entre 1 e 9.","Incidencia acumulada para o concello: >50 e ≤150.","Número de novos casos diagnosticados no concello: entre 1 e 9.","Incidencia acumulada para o concello: >25 e ≤75.","0"
"34123232029","CHANDREXA DE QUEIXA","Sen novos casos diagnosticados no concello.","Incidencia acumulada para o concello: ≤25.","Sen novos casos diagnosticados no concello.","Incidencia acumulada para o concello: ≤10.","0"
"34123232030","ENTRIMO","Sen novos casos diagnosticados no concello.","Incidencia acumulada para o concello: ≤25.","Sen novos casos diagnosticados no concello.","Incidencia acumulada para o concello: ≤10.","0"
"34123232031","ESGOS","Sen novos casos diagnosticados no concello.","Incidencia acumulada para o concello: ≤25.","Sen novos casos diagnosticados no concello.","Incidencia acumulada para o concello: ≤10.","0"
"34123232032","XINZO DE LIMIA","Número de novos casos diagnosticados no concello: entre 1 e 9.","Incidencia acumulada para o concello: >50 e ≤150.","Número de novos casos diagnosticados no concello: entre 1 e 9.","Incidencia acumulada para o concello: >25 e ≤75.","0"
"34123232033","GOMESENDE","Sen novos casos diagnosticados no concello.","Incidencia acumulada para o concello: ≤25.","Sen novos casos diagnosticados no concello.","Incidencia acumulada para o concello: ≤10.","0"
"34123232034","GUDIÑA (A)","Sen novos casos diagnosticados no concello.","Incidencia acumulada para o concello: ≤25.","Sen novos casos diagnosticados no concello.","Incidencia acumulada para o concello: ≤10.","0"
"34123232035","IRIXO (O)","Sen novos casos diagnosticados no concello.","Incidencia acumulada para o concello: ≤25.","Sen novos casos diagnosticados no concello.","Incidencia acumulada para o concello: ≤10.","0"
"34123232036","XUNQUEIRA DE AMBIA","Sen novos casos diagnosticados no concello.","Incidencia acumulada para o concello: ≤25.","Sen novos casos diagnosticados no concello.","Incidencia acumulada para o concello: ≤10.","0"
"34123232037","XUNQUEIRA DE ESPADANEDO","Sen novos casos diagnosticados no concello.","Incidencia acumulada para o concello: ≤25.","Sen novos casos diagnosticados no concello.","Incidencia acumulada para o concello: ≤10.","0"
"34123232038","LAROUCO","Sen novos casos diagnosticados no concello.","Incidencia acumulada para o concello: ≤25.","Sen novos casos diagnosticados no concello.","Incidencia acumulada para o concello: ≤10.","0"
"34123232039","LAZA","Sen novos casos diagnosticados no concello.","Incidencia acumulada para o concello: ≤25.","Sen novos casos diagnosticados no concello.","Incidencia acumulada para o concello: ≤10.","0"
"34123232040","LEIRO","Número de novos casos diagnosticados no concello: entre 1 e 9.","Incidencia acumulada para o concello: >150 e ≤250.","Sen novos casos diagnosticados no concello.","Incidencia acumulada para o concello: ≤10.","0"
"34123232041","LOBEIRA","Sen novos casos diagnosticados no concello.","Incidencia acumulada para o concello: ≤25.","Sen novos casos diagnosticados no concello.","Incidencia acumulada para o concello: ≤10.","0"
"34123232042","LOBIOS","Número de novos casos diagnosticados no concello: entre 1 e 9.","Incidencia acumulada para o concello: >50 e ≤150.","Número de novos casos diagnosticados no concello: entre 1 e 9.","Incidencia acumulada para o concello: >25 e ≤75.","0"
"34123232043","MACEDA","Sen novos casos diagnosticados no concello.","Incidencia acumulada para o concello: ≤25.","Sen novos casos diagnosticados no concello.","Incidencia acumulada para o concello: ≤10.","0"
"34123232044","MANZANEDA","Sen novos casos diagnosticados no concello.","Incidencia acumulada para o concello: ≤25.","Sen novos casos diagnosticados no concello.","Incidencia acumulada para o concello: ≤10.","0"
"34123232045","MASIDE","Número de novos casos diagnosticados no concello: 11.","Incidencia acumulada para o concello: >250 e ≤500.","Número de novos casos diagnosticados no concello: entre 1 e 9.","Incidencia acumulada para o concello: >125 e ≤250.","0"
"34123232046","MELON","Número de novos casos diagnosticados no concello: entre 1 e 9.","Incidencia acumulada para o concello: >50 e ≤150.","Número de novos casos diagnosticados no concello: entre 1 e 9.","Incidencia acumulada para o concello: >75 e ≤125.","0"
"34123232047","MERCA A","Sen novos casos diagnosticados no concello.","Incidencia acumulada para o concello: ≤25.","Sen novos casos diagnosticados no concello.","Incidencia acumulada para o concello: ≤10.","0"
"34123232048","MEZQUITA (A)","Número de novos casos diagnosticados no concello: entre 1 e 9.","Incidencia acumulada para o concello: >250 e ≤500.","Sen novos casos diagnosticados no concello.","Incidencia acumulada para o concello: ≤10.","0"
"34123232049","MONTEDERRAMO","Sen novos casos diagnosticados no concello.","Incidencia acumulada para o concello: ≤25.","Sen novos casos diagnosticados no concello.","Incidencia acumulada para o concello: ≤10.","0"
"34123232050","MONTERREI","Número de novos casos diagnosticados no concello: entre 1 e 9.","Incidencia acumulada para o concello: >50 e ≤150.","Número de novos casos diagnosticados no concello: entre 1 e 9.","Incidencia acumulada para o concello: >25 e ≤75.","0"
"34123232051","MUIÑOS","Sen novos casos diagnosticados no concello.","Incidencia acumulada para o concello: ≤25.","Sen novos casos diagnosticados no concello.","Incidencia acumulada para o concello: ≤10.","0"
"34123232052","NOGUEIRA DE RAMUIN","Sen novos casos diagnosticados no concello.","Incidencia acumulada para o concello: ≤25.","Sen novos casos diagnosticados no concello.","Incidencia acumulada para o concello: ≤10.","0"
"34123232053","OIMBRA","Número de novos casos diagnosticados no concello: entre 1 e 9.","Incidencia acumulada para o concello: >50 e ≤150.","Sen novos casos diagnosticados no concello.","Incidencia acumulada para o concello: ≤10.","0"
"34123232054","OURENSE","Número de novos casos diagnosticados no concello: 42.","Incidencia acumulada para o concello: >25 e ≤50.","Número de novos casos diagnosticados no concello: 21.","Incidencia acumulada para o concello: >10 e ≤25.","0"
"34123232055","PADERNE DE ALLARIZ","Sen novos casos diagnosticados no concello.","Incidencia acumulada para o concello: ≤25.","Sen novos casos diagnosticados no concello.","Incidencia acumulada para o concello: ≤10.","0"
"34123232056","PADRENDA","Número de novos casos diagnosticados no concello: entre 1 e 9.","Incidencia acumulada para o concello: >50 e ≤150.","Sen novos casos diagnosticados no concello.","Incidencia acumulada para o concello: ≤10.","0"
"34123232057","PARADA DE SIL","Sen novos casos diagnosticados no concello.","Incidencia acumulada para o concello: ≤25.","Sen novos casos diagnosticados no concello.","Incidencia acumulada para o concello: ≤10.","0"
"34123232058","PEREIRO DE AGUIAR","Número de novos casos diagnosticados no concello: entre 1 e 9.","Incidencia acumulada para o concello: ≤25.","Sen novos casos diagnosticados no concello.","Incidencia acumulada para o concello: ≤10.","0"
"34123232059","PEROXA A","Número de novos casos diagnosticados no concello: entre 1 e 9.","Incidencia acumulada para o concello: >50 e ≤150.","Número de novos casos diagnosticados no concello: entre 1 e 9.","Incidencia acumulada para o concello: >25 e ≤75.","0"
"34123232060","PETIN","Sen novos casos diagnosticados no concello.","Incidencia acumulada para o concello: ≤25.","Sen novos casos diagnosticados no concello.","Incidencia acumulada para o concello: ≤10.","0"
"34123232061","PIÑOR","Sen novos casos diagnosticados no concello.","Incidencia acumulada para o concello: ≤25.","Sen novos casos diagnosticados no concello.","Incidencia acumulada para o concello: ≤10.","0"
"34123232062","PORQUEIRA","Sen novos casos diagnosticados no concello.","Incidencia acumulada para o concello: ≤25.","Sen novos casos diagnosticados no concello.","Incidencia acumulada para o concello: ≤10.","0"
"34123232063","POBRA DE TRIVES A","Número de novos casos diagnosticados no concello: entre 1 e 9.","Incidencia acumulada para o concello: >25 e ≤50.","Sen novos casos diagnosticados no concello.","Incidencia acumulada para o concello: ≤10.","0"
"34123232064","PONTEDEVA","Sen novos casos diagnosticados no concello.","Incidencia acumulada para o concello: ≤25.","Sen novos casos diagnosticados no concello.","Incidencia acumulada para o concello: ≤10.","0"
"34123232065","PUNXIN","Sen novos casos diagnosticados no concello.","Incidencia acumulada para o concello: ≤25.","Sen novos casos diagnosticados no concello.","Incidencia acumulada para o concello: ≤10.","0"
"34123232066","QUINTELA DE LEIRADO","Sen novos casos diagnosticados no concello.","Incidencia acumulada para o concello: ≤25.","Sen novos casos diagnosticados no concello.","Incidencia acumulada para o concello: ≤10.","0"
"34123232067","RAIRIZ DE VEIGA","Número de novos casos diagnosticados no concello: entre 1 e 9.","Incidencia acumulada para o concello: >50 e ≤150.","Número de novos casos diagnosticados no concello: entre 1 e 9.","Incidencia acumulada para o concello: >75 e ≤125.","0"
"34123232068","RAMIRAS","Sen novos casos diagnosticados no concello.","Incidencia acumulada para o concello: ≤25.","Sen novos casos diagnosticados no concello.","Incidencia acumulada para o concello: ≤10.","0"
"34123232069","RIBADAVIA","Número de novos casos diagnosticados no concello: entre 1 e 9.","Incidencia acumulada para o concello: >50 e ≤150.","Número de novos casos diagnosticados no concello: entre 1 e 9.","Incidencia acumulada para o concello: >25 e ≤75.","0"
"34123232070","SAN XOAN DE RIO","Número de novos casos diagnosticados no concello: entre 1 e 9.","Incidencia acumulada para o concello: >150 e ≤250.","Número de novos casos diagnosticados no concello: entre 1 e 9.","Incidencia acumulada para o concello: >125 e ≤250.","0"
"34123232071","RIOS","Número de novos casos diagnosticados no concello: entre 1 e 9.","Incidencia acumulada para o concello: >50 e ≤150.","Sen novos casos diagnosticados no concello.","Incidencia acumulada para o concello: ≤10.","0"
"34123232072","RUA (A)","Sen novos casos diagnosticados no concello.","Incidencia acumulada para o concello: ≤25.","Sen novos casos diagnosticados no concello.","Incidencia acumulada para o concello: ≤10.","0"
"34123232073","RUBIA","Sen novos casos diagnosticados no concello.","Incidencia acumulada para o concello: ≤25.","Sen novos casos diagnosticados no concello.","Incidencia acumulada para o concello: ≤10.","0"
"34123232074","SAN AMARO","Sen novos casos diagnosticados no concello.","Incidencia acumulada para o concello: ≤25.","Sen novos casos diagnosticados no concello.","Incidencia acumulada para o concello: ≤10.","0"
"34123232075","SAN CIBRAO DAS VIÑAS","Sen novos casos diagnosticados no concello.","Incidencia acumulada para o concello: ≤25.","Sen novos casos diagnosticados no concello.","Incidencia acumulada para o concello: ≤10.","0"
"34123232076","SAN CRISTOVO DE CEA","Número de novos casos diagnosticados no concello: entre 1 e 9.","Incidencia acumulada para o concello: >25 e ≤50.","Número de novos casos diagnosticados no concello: entre 1 e 9.","Incidencia acumulada para o concello: >25 e ≤75.","0"
"34123232077","SANDIAS","Sen novos casos diagnosticados no concello.","Incidencia acumulada para o concello: ≤25.","Sen novos casos diagnosticados no concello.","Incidencia acumulada para o concello: ≤10.","0"
"34123232078","SARREAUS","Sen novos casos diagnosticados no concello.","Incidencia acumulada para o concello: ≤25.","Sen novos casos diagnosticados no concello.","Incidencia acumulada para o concello: ≤10.","0"
"34123232079","TABOADELA","Sen novos casos diagnosticados no concello.","Incidencia acumulada para o concello: ≤25.","Sen novos casos diagnosticados no concello.","Incidencia acumulada para o concello: ≤10.","0"
"34123232080","TEIXEIRA A","Sen novos casos diagnosticados no concello.","Incidencia acumulada para o concello: ≤25.","Sen novos casos diagnosticados no concello.","Incidencia acumulada para o concello: ≤10.","0"
"34123232081","TOEN","Sen novos casos diagnosticados no concello.","Incidencia acumulada para o concello: ≤25.","Sen novos casos diagnosticados no concello.","Incidencia acumulada para o concello: ≤10.","0"
"34123232082","TRASMIRAS","Número de novos casos diagnosticados no concello: entre 1 e 9.","Incidencia acumulada para o concello: >50 e ≤150.","Sen novos casos diagnosticados no concello.","Incidencia acumulada para o concello: ≤10.","0"
"34123232083","VEIGA (A)","Sen novos casos diagnosticados no concello.","Incidencia acumulada para o concello: ≤25.","Sen novos casos diagnosticados no concello.","Incidencia acumulada para o concello: ≤10.","0"
"34123232084","VEREA","Sen novos casos diagnosticados no concello.","Incidencia acumulada para o concello: ≤25.","Sen novos casos diagnosticados no concello.","Incidencia acumulada para o concello: ≤10.","0"
"34123232085","VERIN","Número de novos casos diagnosticados no concello: entre 1 e 9.","Incidencia acumulada para o concello: >25 e ≤50.","Número de novos casos diagnosticados no concello: entre 1 e 9.","Incidencia acumulada para o concello: >10 e ≤25.","0"
"34123232086","VIANA DO BOLO","Sen novos casos diagnosticados no concello.","Incidencia acumulada para o concello: ≤25.","Sen novos casos diagnosticados no concello.","Incidencia acumulada para o concello: ≤10.","0"
"34123232087","VILAMARIN","Sen novos casos diagnosticados no concello.","Incidencia acumulada para o concello: ≤25.","Sen novos casos diagnosticados no concello.","Incidencia acumulada para o concello: ≤10.","0"
"34123232088","VILAMARTIN DE VALDEORRAS","Sen novos casos diagnosticados no concello.","Incidencia acumulada para o concello: ≤25.","Sen novos casos diagnosticados no concello.","Incidencia acumulada para o concello: ≤10.","0"
"34123232089","VILAR DE BARRIO","Sen novos casos diagnosticados no concello.","Incidencia acumulada para o concello: ≤25.","Sen novos casos diagnosticados no concello.","Incidencia acumulada para o concello: ≤10.","0"
"34123232090","VILAR DE SANTOS","Sen novos casos diagnosticados no concello.","Incidencia acumulada para o concello: ≤25.","Sen novos casos diagnosticados no concello.","Incidencia acumulada para o concello: ≤10.","0"
"34123232091","VILARDEVOS","Número de novos casos diagnosticados no concello: 14.","Incidencia acumulada para o concello: >500.","Número de novos casos diagnosticados no concello: entre 1 e 9.","Incidencia acumulada para o concello: >250.","0"
"34123232092","VILARIÑO DE CONSO","Sen novos casos diagnosticados no concello.","Incidencia acumulada para o concello: ≤25.","Sen novos casos diagnosticados no concello.","Incidencia acumulada para o concello: ≤10.","0"
"34123636001","ARBO","Sen novos casos diagnosticados no concello.","Incidencia acumulada para o concello: ≤25.","Sen novos casos diagnosticados no concello.","Incidencia acumulada para o concello: ≤10.","0"
"34123636002","BARRO","Sen novos casos diagnosticados no concello.","Incidencia acumulada para o concello: ≤25.","Sen novos casos diagnosticados no concello.","Incidencia acumulada para o concello: ≤10.","0"
"34123636003","BAIONA","Número de novos casos diagnosticados no concello: entre 1 e 9.","Incidencia acumulada para o concello: ≤25.","Número de novos casos diagnosticados no concello: entre 1 e 9.","Incidencia acumulada para o concello: ≤10.","0"
"34123636004","BUEU","Número de novos casos diagnosticados no concello: entre 1 e 9.","Incidencia acumulada para o concello: >25 e ≤50.","Número de novos casos diagnosticados no concello: entre 1 e 9.","Incidencia acumulada para o concello: >10 e ≤25.","0"
"34123636005","CALDAS DE REIS","Número de novos casos diagnosticados no concello: entre 1 e 9.","Incidencia acumulada para o concello: >50 e ≤150.","Sen novos casos diagnosticados no concello.","Incidencia acumulada para o concello: ≤10.","0"
"34123636006","CAMBADOS","Número de novos casos diagnosticados no concello: entre 1 e 9.","Incidencia acumulada para o concello: >25 e ≤50.","Número de novos casos diagnosticados no concello: entre 1 e 9.","Incidencia acumulada para o concello: ≤10.","0"
"34123636007","CAMPO LAMEIRO","Número de novos casos diagnosticados no concello: entre 1 e 9.","Incidencia acumulada para o concello: >50 e ≤150.","Número de novos casos diagnosticados no concello: entre 1 e 9.","Incidencia acumulada para o concello: >75 e ≤125.","0"
"34123636008","CANGAS","Número de novos casos diagnosticados no concello: 28.","Incidencia acumulada para o concello: >50 e ≤150.","Número de novos casos diagnosticados no concello: 14.","Incidencia acumulada para o concello: >25 e ≤75.","0"
"34123636009","CAÑIZA (A)","Número de novos casos diagnosticados no concello: entre 1 e 9.","Incidencia acumulada para o concello: >50 e ≤150.","Número de novos casos diagnosticados no concello: entre 1 e 9.","Incidencia acumulada para o concello: >25 e ≤75.","0"
"34123636010","CATOIRA","Número de novos casos diagnosticados no concello: entre 1 e 9.","Incidencia acumulada para o concello: >25 e ≤50.","Sen novos casos diagnosticados no concello.","Incidencia acumulada para o concello: ≤10.","0"
"34123636013","COVELO (O)","Número de novos casos diagnosticados no concello: entre 1 e 9.","Incidencia acumulada para o concello: >25 e ≤50.","Sen novos casos diagnosticados no concello.","Incidencia acumulada para o concello: ≤10.","0"
"34123636014","CRECENTE","Sen novos casos diagnosticados no concello.","Incidencia acumulada para o concello: ≤25.","Sen novos casos diagnosticados no concello.","Incidencia acumulada para o concello: ≤10.","0"
"34123636015","CUNTIS","Número de novos casos diagnosticados no concello: entre 1 e 9.","Incidencia acumulada para o concello: >25 e ≤50.","Sen novos casos diagnosticados no concello.","Incidencia acumulada para o concello: ≤10.","0"
"34123636016","DOZON","Sen novos casos diagnosticados no concello.","Incidencia acumulada para o concello: ≤25.","Sen novos casos diagnosticados no concello.","Incidencia acumulada para o concello: ≤10.","0"
"34123636017","ESTRADA A","Número de novos casos diagnosticados no concello: entre 1 e 9.","Incidencia acumulada para o concello: ≤25.","Número de novos casos diagnosticados no concello: entre 1 e 9.","Incidencia acumulada para o concello: ≤10.","0"
"34123636018","FORCAREI","Número de novos casos diagnosticados no concello: entre 1 e 9.","Incidencia acumulada para o concello: >50 e ≤150.","Número de novos casos diagnosticados no concello: entre 1 e 9.","Incidencia acumulada para o concello: >25 e ≤75.","0"
"34123636019","FORNELOS DE MONTES","Número de novos casos diagnosticados no concello: entre 1 e 9.","Incidencia acumulada para o concello: >50 e ≤150.","Número de novos casos diagnosticados no concello: entre 1 e 9.","Incidencia acumulada para o concello: >25 e ≤75.","0"
"34123636020","AGOLADA","Número de novos casos diagnosticados no concello: entre 1 e 9.","Incidencia acumulada para o concello: >25 e ≤50.","Número de novos casos diagnosticados no concello: entre 1 e 9.","Incidencia acumulada para o concello: >25 e ≤75.","0"
"34123636021","GONDOMAR","Número de novos casos diagnosticados no concello: entre 1 e 9.","Incidencia acumulada para o concello: >25 e ≤50.","Número de novos casos diagnosticados no concello: entre 1 e 9.","Incidencia acumulada para o concello: >25 e ≤75.","0"
"34123636022","GROVE O","Sen novos casos diagnosticados no concello.","Incidencia acumulada para o concello: ≤25.","Sen novos casos diagnosticados no concello.","Incidencia acumulada para o concello: ≤10.","0"
"34123636023","GUARDA (A)","Número de novos casos diagnosticados no concello: 10.","Incidencia acumulada para o concello: >50 e ≤150.","Número de novos casos diagnosticados no concello: entre 1 e 9.","Incidencia acumulada para o concello: >25 e ≤75.","0"
"34123636024","LALIN","Número de novos casos diagnosticados no concello: entre 1 e 9.","Incidencia acumulada para o concello: >25 e ≤50.","Número de novos casos diagnosticados no concello: entre 1 e 9.","Incidencia acumulada para o concello: >10 e ≤25.","0"
"34123636025","LAMA A","Sen novos casos diagnosticados no concello.","Incidencia acumulada para o concello: ≤25.","Sen novos casos diagnosticados no concello.","Incidencia acumulada para o concello: ≤10.","0"
"34123636026","MARIN","Número de novos casos diagnosticados no concello: 20.","Incidencia acumulada para o concello: >50 e ≤150.","Número de novos casos diagnosticados no concello: 10.","Incidencia acumulada para o concello: >25 e ≤75.","0"
"34123636027","MEAÑO","Número de novos casos diagnosticados no concello: entre 1 e 9.","Incidencia acumulada para o concello: >25 e ≤50.","Número de novos casos diagnosticados no concello: entre 1 e 9.","Incidencia acumulada para o concello: >10 e ≤25.","0"
"34123636028","MEIS","Sen novos casos diagnosticados no concello.","Incidencia acumulada para o concello: ≤25.","Sen novos casos diagnosticados no concello.","Incidencia acumulada para o concello: ≤10.","0"
"34123636029","MOAÑA","Número de novos casos diagnosticados no concello: 24.","Incidencia acumulada para o concello: >50 e ≤150.","Número de novos casos diagnosticados no concello: 12.","Incidencia acumulada para o concello: >25 e ≤75.","0"
"34123636030","MONDARIZ","Número de novos casos diagnosticados no concello: entre 1 e 9.","Incidencia acumulada para o concello: ≤25.","Número de novos casos diagnosticados no concello: entre 1 e 9.","Incidencia acumulada para o concello: >10 e ≤25.","0"
"34123636031","MONDARIZ-BALNEARIO","Sen novos casos diagnosticados no concello.","Incidencia acumulada para o concello: ≤25.","Sen novos casos diagnosticados no concello.","Incidencia acumulada para o concello: ≤10.","0"
"34123636032","MORAÑA","Número de novos casos diagnosticados no concello: entre 1 e 9.","Incidencia acumulada para o concello: ≤25.","Número de novos casos diagnosticados no concello: entre 1 e 9.","Incidencia acumulada para o concello: >10 e ≤25.","0"
"34123636033","MOS","Número de novos casos diagnosticados no concello: 11.","Incidencia acumulada para o concello: >50 e ≤150.","Número de novos casos diagnosticados no concello: entre 1 e 9.","Incidencia acumulada para o concello: >25 e ≤75.","0"
"34123636034","NEVES (AS)","Sen novos casos diagnosticados no concello.","Incidencia acumulada para o concello: ≤25.","Sen novos casos diagnosticados no concello.","Incidencia acumulada para o concello: ≤10.","0"
"34123636035","NIGRAN","Número de novos casos diagnosticados no concello: entre 1 e 9.","Incidencia acumulada para o concello: ≤25.","Número de novos casos diagnosticados no concello: entre 1 e 9.","Incidencia acumulada para o concello: >10 e ≤25.","0"
"34123636036","OIA","Número de novos casos diagnosticados no concello: entre 1 e 9.","Incidencia acumulada para o concello: >25 e ≤50.","Número de novos casos diagnosticados no concello: entre 1 e 9.","Incidencia acumulada para o concello: >25 e ≤75.","0"
"34123636037","PAZOS DE BORBEN","Número de novos casos diagnosticados no concello: entre 1 e 9.","Incidencia acumulada para o concello: >50 e ≤150.","Sen novos casos diagnosticados no concello.","Incidencia acumulada para o concello: ≤10.","0"
"34123636038","PONTEVEDRA","Número de novos casos diagnosticados no concello: 38.","Incidencia acumulada para o concello: >25 e ≤50.","Número de novos casos diagnosticados no concello: 21.","Incidencia acumulada para o concello: >25 e ≤75.","0"
"34123636039","PORRIÑO (O)","Número de novos casos diagnosticados no concello: 13.","Incidencia acumulada para o concello: >50 e ≤150.","Número de novos casos diagnosticados no concello: entre 1 e 9.","Incidencia acumulada para o concello: >25 e ≤75.","0"
"34123636040","PORTAS","Número de novos casos diagnosticados no concello: entre 1 e 9.","Incidencia acumulada para o concello: >50 e ≤150.","Número de novos casos diagnosticados no concello: entre 1 e 9.","Incidencia acumulada para o concello: >75 e ≤125.","0"
"34123636041","POIO","Número de novos casos diagnosticados no concello: 17.","Incidencia acumulada para o concello: >50 e ≤150.","Número de novos casos diagnosticados no concello: entre 1 e 9.","Incidencia acumulada para o concello: >25 e ≤75.","0"
"34123636042","PONTEAREAS","Número de novos casos diagnosticados no concello: entre 1 e 9.","Incidencia acumulada para o concello: ≤25.","Número de novos casos diagnosticados no concello: entre 1 e 9.","Incidencia acumulada para o concello: ≤10.","0"
"34123636043","PONTE-CALDELAS","Sen novos casos diagnosticados no concello.","Incidencia acumulada para o concello: ≤25.","Sen novos casos diagnosticados no concello.","Incidencia acumulada para o concello: ≤10.","0"
"34123636044","PONTECESURES","Número de novos casos diagnosticados no concello: entre 1 e 9.","Incidencia acumulada para o concello: >150 e ≤250.","Sen novos casos diagnosticados no concello.","Incidencia acumulada para o concello: ≤10.","0"
"34123636045","REDONDELA","Número de novos casos diagnosticados no concello: 26.","Incidencia acumulada para o concello: >50 e ≤150.","Número de novos casos diagnosticados no concello: 11.","Incidencia acumulada para o concello: >25 e ≤75.","0"
"34123636046","RIBADUMIA","Sen novos casos diagnosticados no concello.","Incidencia acumulada para o concello: ≤25.","Sen novos casos diagnosticados no concello.","Incidencia acumulada para o concello: ≤10.","0"
"34123636047","RODEIRO","Sen novos casos diagnosticados no concello.","Incidencia acumulada para o concello: ≤25.","Sen novos casos diagnosticados no concello.","Incidencia acumulada para o concello: ≤10.","0"
"34123636048","ROSAL (O)","Número de novos casos diagnosticados no concello: entre 1 e 9.","Incidencia acumulada para o concello: >25 e ≤50.","Número de novos casos diagnosticados no concello: entre 1 e 9.","Incidencia acumulada para o concello: >25 e ≤75.","0"
"34123636049","SALCEDA DE CASELAS","Número de novos casos diagnosticados no concello: entre 1 e 9.","Incidencia acumulada para o concello: >25 e ≤50.","Sen novos casos diagnosticados no concello.","Incidencia acumulada para o concello: ≤10.","0"
"34123636050","SALVATERRA DE MIÑO","Número de novos casos diagnosticados no concello: entre 1 e 9.","Incidencia acumulada para o concello: ≤25.","Número de novos casos diagnosticados no concello: entre 1 e 9.","Incidencia acumulada para o concello: >10 e ≤25.","0"
"34123636051","SANXENXO","Número de novos casos diagnosticados no concello: 15.","Incidencia acumulada para o concello: >50 e ≤150.","Número de novos casos diagnosticados no concello: entre 1 e 9.","Incidencia acumulada para o concello: >25 e ≤75.","0"
"34123636052","SILLEDA","Número de novos casos diagnosticados no concello: 36.","Incidencia acumulada para o concello: >250 e ≤500.","Número de novos casos diagnosticados no concello: 33.","Incidencia acumulada para o concello: >250.","0"
"34123636053","SOUTOMAIOR","Número de novos casos diagnosticados no concello: 15.","Incidencia acumulada para o concello: >150 e ≤250.","Número de novos casos diagnosticados no concello: entre 1 e 9.","Incidencia acumulada para o concello: >75 e ≤125.","0"
"34123636054","TOMIÑO","Número de novos casos diagnosticados no concello: 13.","Incidencia acumulada para o concello: >50 e ≤150.","Número de novos casos diagnosticados no concello: 11.","Incidencia acumulada para o concello: >75 e ≤125.","0"
"34123636055","TUI","Número de novos casos diagnosticados no concello: entre 1 e 9.","Incidencia acumulada para o concello: >25 e ≤50.","Número de novos casos diagnosticados no concello: entre 1 e 9.","Incidencia acumulada para o concello: >10 e ≤25.","0"
"34123636056","VALGA","Sen novos casos diagnosticados no concello.","Incidencia acumulada para o concello: ≤25.","Sen novos casos diagnosticados no concello.","Incidencia acumulada para o concello: ≤10.","0"
"34123636057","VIGO","Número de novos casos diagnosticados no concello: 259.","Incidencia acumulada para o concello: >50 e ≤150.","Número de novos casos diagnosticados no concello: 140.","Incidencia acumulada para o concello: >25 e ≤75.","0"
"34123636058","VILABOA","Número de novos casos diagnosticados no concello: entre 1 e 9.","Incidencia acumulada para o concello: >50 e ≤150.","Número de novos casos diagnosticados no concello: entre 1 e 9.","Incidencia acumulada para o concello: >25 e ≤75.","0"
"34123636059","VILA DE CRUCES","Número de novos casos diagnosticados no concello: entre 1 e 9.","Incidencia acumulada para o concello: >50 e ≤150.","Número de novos casos diagnosticados no concello: entre 1 e 9.","Incidencia acumulada para o concello: >25 e ≤75.","0"
"34123636060","VILAGARCIA DE AROUSA","Número de novos casos diagnosticados no concello: entre 1 e 9.","Incidencia acumulada para o concello: ≤25.","Número de novos casos diagnosticados no concello: entre 1 e 9.","Incidencia acumulada para o concello: ≤10.","0"
"34123636061","VILANOVA DE AROUSA","Número de novos casos diagnosticados no concello: entre 1 e 9.","Incidencia acumulada para o concello: >50 e ≤150.","Número de novos casos diagnosticados no concello: entre 1 e 9.","Incidencia acumulada para o concello: ≤10.","0"
"34123636901","ILLA DE AROUSA","Número de novos casos diagnosticados no concello: entre 1 e 9.","Incidencia acumulada para o concello: ≤25.","Sen novos casos diagnosticados no concello.","Incidencia acumulada para o concello: ≤10.","0"
"34123636902","CERDEDO-COTOBADE","Sen novos casos diagnosticados no concello.","Incidencia acumulada para o concello: ≤25.","Sen novos casos diagnosticados no concello.","Incidencia acumulada para o concello: ≤10.","0"

